<?xml version="1.0" encoding="utf-8"?>
<clockskin>
    <drawable>
        <name>image1.png</name>
    </drawable>
    <drawable>
	<name>battery.xml</name>
	<arraytype>14</arraytype>
	<centerX>20</centerX>
	<centerY>-120</centerY>
    </drawable>
    <drawable>
         <name>temp_array.xml</name>
	 <arraytype>11</arraytype>
	 <centerX>-115</centerX>
	 <centerY>0</centerY>
    </drawable>
    <drawable>
	<name>weekday.xml</name>
	<arraytype>5</arraytype>
	<centerX>81</centerX>
	<centerY>-9</centerY>
    </drawable>    
    <drawable>
	<name>day.xml</name>
	<arraytype>4</arraytype>
	<centerX>126</centerX>
	<centerY>-9</centerY>
    </drawable>
    <drawable>
        <name>image2.png</name>
    </drawable>
    <drawable>
        <name>image3.png</name>
    </drawable>    
    <drawable>
        <name>digital3.xml</name>
        <arraytype>12</arraytype>
        <centerX>70</centerX>
        <centerY>85</centerY>
    </drawable>
    <drawable>
        <name>digital4.xml</name>
        <arraytype>13</arraytype>
        <centerX>-70</centerX>
        <centerY>85</centerY>
    </drawable>
    <drawable>
        <name>image4.png</name>
        <rotate>1</rotate>
        <mulrotate>1</mulrotate>
    </drawable>
    <drawable>
        <name>image5.png</name>
        <rotate>2</rotate>
        <mulrotate>1</mulrotate>
    </drawable>
    <drawable>
        <name>image6.png</name>
        <rotate>3</rotate>
        <mulrotate>1</mulrotate>
    </drawable>
</clockskin>
