<clockskin>
    <drawable>
        <name>image1.png</name>
    </drawable>
    <drawable>
        <rotate>5</rotate>
        <direction>1</direction>
        <mulrotate>1</mulrotate>
        <centerX>0</centerX>
        <centerY>2</centerY>
        <name>image2.png</name>
    </drawable>
    <drawable>
        <name>image3.png</name>
    </drawable>
    <drawable>
        <name>digital1.xml</name>
        <arraytype>4</arraytype>
        <centerX>0</centerX>
        <centerY>-115</centerY>
    </drawable>
    <drawable>
        <name>image4.png</name>
    </drawable>
    <drawable>
        <rotate>4</rotate>
        <direction>2</direction>
        <mulrotate>1</mulrotate>
        <name>image5.png</name>
    </drawable>
    <drawable>
        <name>image6.png</name>
    </drawable>
    <drawable>
        <name>digital2.xml</name>
        <arraytype>6</arraytype>
        <centerX>-776</centerX>
        <centerY>137</centerY>
    </drawable>
    <drawable>
        <name>digital2.xml</name>
        <arraytype>6</arraytype>
        <centerX>-389</centerX>
        <centerY>137</centerY>
    </drawable>
    <drawable>
        <name>digital2.xml</name>
        <arraytype>6</arraytype>
        <centerX>0</centerX>
        <centerY>138</centerY>
    </drawable>
    <drawable>
        <name>digital2.xml</name>
        <arraytype>6</arraytype>
        <centerX>390</centerX>
        <centerY>138</centerY>
    </drawable>
    <drawable>
        <name>digital2.xml</name>
        <arraytype>6</arraytype>
        <centerX>777</centerX>
        <centerY>138</centerY>
    </drawable>
    <drawable>
        <name>image7.png</name>
    </drawable>
    <drawable>
        <arraytype>100</arraytype>
        <centerX>2</centerX>
        <centerY>43</centerY>
        <range>27</range>
        <cls>com.google.android.googlequicksearchbox.VoiceSearchActivity</cls>
        <pkg>com.google.android.googlequicksearchbox</pkg>
    </drawable>
    <drawable>
        <arraytype>100</arraytype>
        <centerX>-91</centerX>
        <centerY>-78</centerY>
        <range>50</range>
        <cls>com.android.contacts.activities.PeopleActivity</cls>
        <pkg>com.android.contacts</pkg>
    </drawable>
    <drawable>
        <arraytype>100</arraytype>
        <centerX>93</centerX>
        <centerY>-76</centerY>
        <range>49</range>
        <cls>com.android.mms.ui.BootActivity</cls>
        <pkg>com.android.mms</pkg>
    </drawable>
    <drawable>
        <name>image8.png</name>
    </drawable>
    <drawable>
        <arraytype>100</arraytype>
        <centerX>110</centerX>
        <centerY>79</centerY>
        <range>42</range>
        <cls>com.sprots.wiiteer.fitness.module.main.ui.MainActivity</cls>
        <pkg>com.sprots.wiiteer.fitness</pkg>
    </drawable>
    <drawable>
        <arraytype>100</arraytype>
        <centerX>-112</centerX>
        <centerY>78</centerY>
        <range>26</range>
        <cls>com.cenon.heartrate.HeartRateMonitorActivity</cls>
        <pkg>com.cenon.heartrate</pkg>
    </drawable>
    <drawable>
        <rotate>2</rotate>
        <direction>1</direction>
        <mulrotate>1</mulrotate>
        <name>image9.png</name>
    </drawable>
    <drawable>
        <rotate>1</rotate>
        <direction>1</direction>
        <mulrotate>1</mulrotate>
        <name>image10.png</name>
    </drawable>
    <drawable>
        <rotate>3</rotate>
        <direction>1</direction>
        <mulrotate>1</mulrotate>
        <name>image11.png</name>
    </drawable>
    <drawable>
        <name>image12.png</name>
    </drawable>
</clockskin>
<!-- Created on WatchFace Designer 0.14.2 beta -->
<!-- Exported for Android 7.1+ Stock ClockSkin Engine -->
