<?xml version="1.0" encoding="utf-8"?>
<drawables>
	<image>flash0.png</image>
	<image>flash1.png</image>
	<image>flash2.png</image>
	<image>flash3.png</image>
	<image>flash4.png</image>
	<image>flash5.png</image>
	<image>flash6.png</image>
	<image>flash7.png</image>
	<image>flash8.png</image>
	<image>flash9.png</image>
	<image>flash10.png</image>
	<image>flash11.png</image>
	<image>flash12.png</image>
	<image>flash13.png</image>
	<image>flash14.png</image>
	<image>flash15.png</image>
	<image>flash16.png</image>
	<image>flash17.png</image>
	<image>flash18.png</image>
	<image>flash19.png</image>
	<image>flash20.png</image>
	<image>flash21.png</image>
	<image>flash22.png</image>
	<image>flash23.png</image>
	<image>flash24.png</image>
	<image>flash25.png</image>
	<image>flash26.png</image>
	<image>flash27.png</image>
	<image>flash28.png</image>
	<image>flash29.png</image>
	<image>flash30.png</image>
	<image>flash31.png</image>
	<image>flash32.png</image>
	<image>flash33.png</image>
	<image>flash34.png</image>
	<image>flash35.png</image>
	<image>flash36.png</image>
	<image>flash37.png</image>
	<image>flash38.png</image>
	<image>flash39.png</image>
	<image>flash40.png</image>
	<image>flash41.png</image>
	<image>flash42.png</image>
	<image>flash43.png</image>
	<image>flash44.png</image>
	<image>flash45.png</image>
	<image>flash46.png</image>

	
</drawables>