<WatchFaceDesign width="400" height="400" round="true">
<RectangularLayer>
<type>Rectangle</type>
<name></name>
<center>200.0; 196.58</center>
<middle>201.0; 201.0</middle>
<effects>
<BlurEffect>
<enabled>yes</enabled>
<radius>100.0</radius>
<blurType>GAUSSIAN</blurType>
<angle>0.0</angle>
</BlurEffect>
<BrushedEffect>
<enabled>yes</enabled>
<brushType>RADIAL</brushType>
<shininess>0.26</shininess>
<shininessAngle>225.0</shininessAngle>
<spreadFactor>1.0</spreadFactor>
<brushStrength>60</brushStrength>
<brushDepth>0.08</brushDepth>
<brushAngle>0.0</brushAngle>
<contrast>1.18</contrast>
</BrushedEffect>
</effects>
<autoRotation>NONE</autoRotation>
<autoRotationDirection>CLOCKWISE</autoRotationDirection>
<autoRotationMultiplier>1</autoRotationMultiplier>
<autoRotationMovement>SMOOTH</autoRotationMovement>
<opacity>1.0</opacity>
<enabled>yes</enabled>
<delay>0</delay>
<hourFormat>WATCH_SETTINGS</hourFormat>
<autoRotationAngleSpan>360</autoRotationAngleSpan>
<width>400.0</width>
<height>400.0</height>
<rotation>0.0</rotation>
<cornerRadius>0.0</cornerRadius>
<fillStyle>
<paintStyle>SOLID</paintStyle>
<colorPoints>
<point>
<position>0.0</position>
<color>#ff003333</color>
</point>
<point>
<position>1.0</position>
<color>#ff000000</color>
</point>
</colorPoints>
<angle>0.0</angle>
<offsetX>0.0</offsetX>
<offsetY>0.0</offsetY>
<relativeTo>CENTER_OF_LAYER</relativeTo>
<textureScale>1.0</textureScale>
</fillStyle>
<strokeStyle>
<paintStyle>SOLID</paintStyle>
<colorPoints>
<point>
<position>0.0</position>
<color>#ff000000</color>
</point>
<point>
<position>1.0</position>
<color>#ff000000</color>
</point>
</colorPoints>
<angle>0.0</angle>
<offsetX>0.0</offsetX>
<offsetY>0.0</offsetY>
<relativeTo>CENTER_OF_LAYER</relativeTo>
<textureScale>1.0</textureScale>
</strokeStyle>
<thickness>0.0</thickness>
</RectangularLayer>
<DigitalClockLayer>
<type>Digital Clock</type>
<name></name>
<center>200.0; 130.64</center>
<middle>200.0; 200.0</middle>
<effects>
<SimplePerspectiveEffect>
<enabled>yes</enabled>
<angle>32.36</angle>
<effect>0.8</effect>
<darken>yes</darken>
<axis>X_AXIS</axis>
<axisAngle>0.0</axisAngle>
</SimplePerspectiveEffect>
<BlurEffect>
<enabled>yes</enabled>
<radius>3.2</radius>
<blurType>GAUSSIAN</blurType>
<angle>0.0</angle>
</BlurEffect>
<SimpleEmbossEffect>
<enabled>yes</enabled>
<distance>2.0</distance>
<angle>0.0</angle>
<strength>1.0</strength>
<blurRadius>0.0</blurRadius>
</SimpleEmbossEffect>
</effects>
<autoRotation>NONE</autoRotation>
<autoRotationDirection>CLOCKWISE</autoRotationDirection>
<autoRotationMultiplier>1</autoRotationMultiplier>
<autoRotationMovement>SMOOTH</autoRotationMovement>
<opacity>1.0</opacity>
<enabled>yes</enabled>
<delay>0</delay>
<hourFormat>WATCH_SETTINGS</hourFormat>
<autoRotationAngleSpan>360</autoRotationAngleSpan>
<font>Arial Black;40;1</font>
<fillStyle>
<paintStyle>SOLID</paintStyle>
<colorPoints>
<point>
<position>0.0</position>
<color>#ff99ff00</color>
</point>
<point>
<position>1.0</position>
<color>#ff000000</color>
</point>
</colorPoints>
<angle>0.0</angle>
<offsetX>0.0</offsetX>
<offsetY>0.0</offsetY>
<relativeTo>CENTER_OF_LAYER</relativeTo>
<textureScale>1.0</textureScale>
</fillStyle>
<strokeStyle>
<paintStyle>SOLID</paintStyle>
<colorPoints>
<point>
<position>0.0</position>
<color>#ff000000</color>
</point>
<point>
<position>1.0</position>
<color>#ff000000</color>
</point>
</colorPoints>
<angle>0.0</angle>
<offsetX>0.0</offsetX>
<offsetY>0.0</offsetY>
<relativeTo>CENTER_OF_LAYER</relativeTo>
<textureScale>1.0</textureScale>
</strokeStyle>
<strokeWidth>0.0</strokeWidth>
<characterSpacing>0.0</characterSpacing>
<clockType>MONTH_DAY</clockType>
<angle>0.0</angle>
<imageScaleMethod>NO_RESCALE</imageScaleMethod>
<imageScaleWidth>70.0</imageScaleWidth>
<imageScaleHeight>100.0</imageScaleHeight>
<textAlignment>CENTER</textAlignment>
<textOffset>0.0</textOffset>
<allowEffectsToResizeDigits>no</allowEffectsToResizeDigits>
<frameRate>15</frameRate>
<frameRateUnit>PER_SECOND</frameRateUnit>
<values_v2>
<value>
<type>text</type>
<text>0</text>
<displayOrder>NORMAL</displayOrder>
<repeatTime>-1</repeatTime>
</value>
<value>
<type>text</type>
<text>1</text>
<displayOrder>NORMAL</displayOrder>
<repeatTime>-1</repeatTime>
</value>
<value>
<type>text</type>
<text>2</text>
<displayOrder>NORMAL</displayOrder>
<repeatTime>-1</repeatTime>
</value>
<value>
<type>text</type>
<text>3</text>
<displayOrder>NORMAL</displayOrder>
<repeatTime>-1</repeatTime>
</value>
<value>
<type>text</type>
<text>4</text>
<displayOrder>NORMAL</displayOrder>
<repeatTime>-1</repeatTime>
</value>
<value>
<type>text</type>
<text>5</text>
<displayOrder>NORMAL</displayOrder>
<repeatTime>-1</repeatTime>
</value>
<value>
<type>text</type>
<text>6</text>
<displayOrder>NORMAL</displayOrder>
<repeatTime>-1</repeatTime>
</value>
<value>
<type>text</type>
<text>7</text>
<displayOrder>NORMAL</displayOrder>
<repeatTime>-1</repeatTime>
</value>
<value>
<type>text</type>
<text>8</text>
<displayOrder>NORMAL</displayOrder>
<repeatTime>-1</repeatTime>
</value>
<value>
<type>text</type>
<text>9</text>
<displayOrder>NORMAL</displayOrder>
<repeatTime>-1</repeatTime>
</value>
<value>
<type>text</type>
<text>/</text>
<displayOrder>NORMAL</displayOrder>
<repeatTime>-1</repeatTime>
</value>
</values_v2>
</DigitalClockLayer>
<DigitalClockLayer>
<type>Digital Clock</type>
<name></name>
<center>200.0; 250.31</center>
<middle>200.0; 200.0</middle>
<effects>
<SimplePerspectiveEffect>
<enabled>yes</enabled>
<angle>10.75</angle>
<effect>0.8</effect>
<darken>yes</darken>
<axis>X_AXIS</axis>
<axisAngle>0.0</axisAngle>
</SimplePerspectiveEffect>
<BlurEffect>
<enabled>yes</enabled>
<radius>3.2</radius>
<blurType>GAUSSIAN</blurType>
<angle>0.0</angle>
</BlurEffect>
<SimpleEmbossEffect>
<enabled>yes</enabled>
<distance>2.0</distance>
<angle>0.0</angle>
<strength>1.0</strength>
<blurRadius>0.0</blurRadius>
</SimpleEmbossEffect>
</effects>
<autoRotation>NONE</autoRotation>
<autoRotationDirection>CLOCKWISE</autoRotationDirection>
<autoRotationMultiplier>1</autoRotationMultiplier>
<autoRotationMovement>SMOOTH</autoRotationMovement>
<opacity>1.0</opacity>
<enabled>yes</enabled>
<delay>0</delay>
<hourFormat>WATCH_SETTINGS</hourFormat>
<autoRotationAngleSpan>360</autoRotationAngleSpan>
<font>Arial Black;28;1</font>
<fillStyle>
<paintStyle>SOLID</paintStyle>
<colorPoints>
<point>
<position>0.0</position>
<color>#ff99ff00</color>
</point>
<point>
<position>1.0</position>
<color>#ff000000</color>
</point>
</colorPoints>
<angle>0.0</angle>
<offsetX>0.0</offsetX>
<offsetY>0.0</offsetY>
<relativeTo>CENTER_OF_LAYER</relativeTo>
<textureScale>1.0</textureScale>
</fillStyle>
<strokeStyle>
<paintStyle>SOLID</paintStyle>
<colorPoints>
<point>
<position>0.0</position>
<color>#ff000000</color>
</point>
<point>
<position>1.0</position>
<color>#ff000000</color>
</point>
</colorPoints>
<angle>0.0</angle>
<offsetX>0.0</offsetX>
<offsetY>0.0</offsetY>
<relativeTo>CENTER_OF_LAYER</relativeTo>
<textureScale>1.0</textureScale>
</strokeStyle>
<strokeWidth>0.0</strokeWidth>
<characterSpacing>0.0</characterSpacing>
<clockType>WEEKDAY</clockType>
<angle>0.0</angle>
<imageScaleMethod>NO_RESCALE</imageScaleMethod>
<imageScaleWidth>70.0</imageScaleWidth>
<imageScaleHeight>100.0</imageScaleHeight>
<textAlignment>CENTER</textAlignment>
<textOffset>0.0</textOffset>
<allowEffectsToResizeDigits>no</allowEffectsToResizeDigits>
<frameRate>15</frameRate>
<frameRateUnit>PER_SECOND</frameRateUnit>
<values_v2>
<value>
<type>text</type>
<text>SUN</text>
<displayOrder>NORMAL</displayOrder>
<repeatTime>-1</repeatTime>
</value>
<value>
<type>text</type>
<text>MON</text>
<displayOrder>NORMAL</displayOrder>
<repeatTime>-1</repeatTime>
</value>
<value>
<type>text</type>
<text>TUE</text>
<displayOrder>NORMAL</displayOrder>
<repeatTime>-1</repeatTime>
</value>
<value>
<type>text</type>
<text>WED</text>
<displayOrder>NORMAL</displayOrder>
<repeatTime>-1</repeatTime>
</value>
<value>
<type>text</type>
<text>THU</text>
<displayOrder>NORMAL</displayOrder>
<repeatTime>-1</repeatTime>
</value>
<value>
<type>text</type>
<text>FRI</text>
<displayOrder>NORMAL</displayOrder>
<repeatTime>-1</repeatTime>
</value>
<value>
<type>text</type>
<text>SAT</text>
<displayOrder>NORMAL</displayOrder>
<repeatTime>-1</repeatTime>
</value>
</values_v2>
</DigitalClockLayer>
<ThreeDeeBezel>
<type>3D Bezel</type>
<name></name>
<center>200.0; 196.59</center>
<middle>182.0; 182.0</middle>
<effects>
<SingleColorEffect>
<enabled>yes</enabled>
<useBrightness>yes</useBrightness>
<brightnessAdjustment>1.2</brightnessAdjustment>
<fillStyle>
<paintStyle>SOLID</paintStyle>
<colorPoints>
<point>
<position>0.0</position>
<color>#ff009999</color>
</point>
<point>
<position>1.0</position>
<color>#ff000000</color>
</point>
</colorPoints>
<angle>0.0</angle>
<offsetX>0.0</offsetX>
<offsetY>0.0</offsetY>
<relativeTo>CENTER_OF_LAYER</relativeTo>
<textureScale>1.0</textureScale>
</fillStyle>
</SingleColorEffect>
</effects>
<autoRotation>NONE</autoRotation>
<autoRotationDirection>CLOCKWISE</autoRotationDirection>
<autoRotationMultiplier>1</autoRotationMultiplier>
<autoRotationMovement>SMOOTH</autoRotationMovement>
<opacity>1.0</opacity>
<enabled>yes</enabled>
<delay>0</delay>
<hourFormat>WATCH_SETTINGS</hourFormat>
<autoRotationAngleSpan>360</autoRotationAngleSpan>
<radius>181</radius>
<largeWidth>34</largeWidth>
<smallWidth>5</smallWidth>
<color>#ff071b1b</color>
<lightAngle>45.0</lightAngle>
<effectType>INSIDE_TALL</effectType>
</ThreeDeeBezel>
<DigitalIndicatorLayer>
<type>DigitalIndicatorLayer</type>
<name></name>
<center>201.0; 417.21</center>
<middle>194.5; 126.0</middle>
<effects>
<BlurEffect>
<enabled>yes</enabled>
<radius>9.2</radius>
<blurType>LINEAR</blurType>
<angle>0.0</angle>
</BlurEffect>
</effects>
<autoRotation>NONE</autoRotation>
<autoRotationDirection>CLOCKWISE</autoRotationDirection>
<autoRotationMultiplier>1</autoRotationMultiplier>
<autoRotationMovement>SMOOTH</autoRotationMovement>
<opacity>1.0</opacity>
<enabled>yes</enabled>
<delay>0</delay>
<hourFormat>WATCH_SETTINGS</hourFormat>
<autoRotationAngleSpan>360</autoRotationAngleSpan>
<outterRadius>200.0</outterRadius>
<innerRadius>190.0</innerRadius>
<indicatorType>POWER</indicatorType>
<span>0.8</span>
<stroke>0.0</stroke>
<antiAliasing>yes</antiAliasing>
<onFillStyle>
<paintStyle>SOLID</paintStyle>
<colorPoints>
<point>
<position>0.0</position>
<color>#ff336600</color>
</point>
<point>
<position>1.0</position>
<color>#ff000000</color>
</point>
</colorPoints>
<angle>0.0</angle>
<offsetX>0.0</offsetX>
<offsetY>0.0</offsetY>
<relativeTo>CENTER_OF_LAYER</relativeTo>
<textureScale>1.0</textureScale>
</onFillStyle>
<offFillStyle>
<paintStyle>SOLID</paintStyle>
<colorPoints>
<point>
<position>0.0</position>
<color>#ffff3300</color>
</point>
<point>
<position>1.0</position>
<color>#ff000000</color>
</point>
</colorPoints>
<angle>0.0</angle>
<offsetX>0.0</offsetX>
<offsetY>0.0</offsetY>
<relativeTo>CENTER_OF_LAYER</relativeTo>
<textureScale>1.0</textureScale>
</offFillStyle>
<globalStyle>no</globalStyle>
<globalStyleOff>no</globalStyleOff>
<globalStyleSpecial>no</globalStyleSpecial>
<startAngle>270.0</startAngle>
<angleSpan>360.0</angleSpan>
<clockwise>yes</clockwise>
<firstMarkPosition>0</firstMarkPosition>
<width>386.5</width>
<height>250.0</height>
<angle>0.0</angle>
<disposition>LINEAR</disposition>
<markValue>EVERY_VALUE</markValue>
<highlightZero>no</highlightZero>
<showCurrentOnly>no</showCurrentOnly>
<markerStyle>BLOCK</markerStyle>
</DigitalIndicatorLayer>
<HandLayer>
<type>HandLayer</type>
<name></name>
<center>200.0; 200.0</center>
<middle>400.0; 400.0</middle>
<effects>
<ShadowEffect>
<enabled>yes</enabled>
<shadowed>yes</shadowed>
<selfShadowed>no</selfShadowed>
<shadowColor>#ff000000</shadowColor>
<shadowDistance>5.0</shadowDistance>
<shadowRadius>3.0</shadowRadius>
<shadowAngle>45.0</shadowAngle>
<shadowOpacity>0.7</shadowOpacity>
</ShadowEffect>
<BlurEffect>
<enabled>yes</enabled>
<radius>3.0</radius>
<blurType>GAUSSIAN</blurType>
<angle>0.0</angle>
</BlurEffect>
<BrushedEffect>
<enabled>yes</enabled>
<brushType>STAR</brushType>
<shininess>0.25</shininess>
<shininessAngle>225.0</shininessAngle>
<spreadFactor>1.0</spreadFactor>
<brushStrength>60</brushStrength>
<brushDepth>0.5</brushDepth>
<brushAngle>0.0</brushAngle>
<contrast>1.0</contrast>
</BrushedEffect>
<EmbossEffect>
<enabled>yes</enabled>
<embossSoftness>5.0</embossSoftness>
<embossHeight>3.0</embossHeight>
<embossElevation>3.0</embossElevation>
<embossLightAngle>45.0</embossLightAngle>
<embossBumpSource>TRANSPARENCY</embossBumpSource>
<mapOffsetX>0.0</mapOffsetX>
<mapOffsetY>0.0</mapOffsetY>
<mapScale>1.0</mapScale>
<bumpMethod>STANDARD</bumpMethod>
<maxDistance>10</maxDistance>
<blurLevel>2.0</blurLevel>
<bumpSide>INSIDE_AND_OUTSIDE</bumpSide>
<MappingFunction>
<Point>0.0; 0.0</Point>
<Point>1.0; 1.0</Point>
</MappingFunction>
<lightColor>#ffffffff</lightColor>
<lightIntensity>1.0</lightIntensity>
<secondLightEnabled>no</secondLightEnabled>
<secondLightElevation>90.0</secondLightElevation>
<secondLightAngle>45.0</secondLightAngle>
<secondLightIntensity>0.5</secondLightIntensity>
<secondLightType>AMBIENT</secondLightType>
<secondLightColor>#ffffffff</secondLightColor>
<normalCalculationMethod>ORIGINAL</normalCalculationMethod>
<sobelArea>3</sobelArea>
</EmbossEffect>
</effects>
<autoRotation>HOUR</autoRotation>
<autoRotationDirection>CLOCKWISE</autoRotationDirection>
<autoRotationMultiplier>1</autoRotationMultiplier>
<autoRotationMovement>SMOOTH</autoRotationMovement>
<opacity>1.0</opacity>
<enabled>yes</enabled>
<delay>0</delay>
<hourFormat>WATCH_SETTINGS</hourFormat>
<autoRotationAngleSpan>360</autoRotationAngleSpan>
<fillStyle>
<paintStyle>SOLID</paintStyle>
<colorPoints>
<point>
<position>0.0</position>
<color>#ff33ffff</color>
</point>
<point>
<position>1.0</position>
<color>#ff000000</color>
</point>
</colorPoints>
<angle>0.0</angle>
<offsetX>0.0</offsetX>
<offsetY>0.0</offsetY>
<relativeTo>CENTER_OF_LAYER</relativeTo>
<textureScale>1.0</textureScale>
</fillStyle>
<strokeStyle>
<paintStyle>SOLID</paintStyle>
<colorPoints>
<point>
<position>0.0</position>
<color>#ff000000</color>
</point>
<point>
<position>1.0</position>
<color>#ff000000</color>
</point>
</colorPoints>
<angle>0.0</angle>
<offsetX>0.0</offsetX>
<offsetY>0.0</offsetY>
<relativeTo>CENTER_OF_LAYER</relativeTo>
<textureScale>1.0</textureScale>
</strokeStyle>
<thickness>1.7</thickness>
<startAngle>0.0</startAngle>
<sections>
<section>
<top>14.0; 162.2</top>
<bottom>14.0; -23.2</bottom>
<controlPoint>0.0; 0.0</controlPoint>
</section>
</sections>
</HandLayer>
<HandLayer>
<type>HandLayer</type>
<name></name>
<center>200.0; 200.0</center>
<middle>400.0; 400.0</middle>
<effects>
<EmbossEffect>
<enabled>yes</enabled>
<embossSoftness>5.0</embossSoftness>
<embossHeight>3.0</embossHeight>
<embossElevation>3.0</embossElevation>
<embossLightAngle>45.0</embossLightAngle>
<embossBumpSource>TRANSPARENCY</embossBumpSource>
<mapOffsetX>0.0</mapOffsetX>
<mapOffsetY>0.0</mapOffsetY>
<mapScale>1.0</mapScale>
<bumpMethod>STANDARD</bumpMethod>
<maxDistance>10</maxDistance>
<blurLevel>2.0</blurLevel>
<bumpSide>INSIDE_AND_OUTSIDE</bumpSide>
<MappingFunction>
<Point>0.0; 0.0</Point>
<Point>1.0; 1.0</Point>
</MappingFunction>
<lightColor>#ffffffff</lightColor>
<lightIntensity>1.0</lightIntensity>
<secondLightEnabled>no</secondLightEnabled>
<secondLightElevation>90.0</secondLightElevation>
<secondLightAngle>45.0</secondLightAngle>
<secondLightIntensity>0.5</secondLightIntensity>
<secondLightType>AMBIENT</secondLightType>
<secondLightColor>#ffffffff</secondLightColor>
<normalCalculationMethod>ORIGINAL</normalCalculationMethod>
<sobelArea>3</sobelArea>
</EmbossEffect>
<ShadowEffect>
<enabled>yes</enabled>
<shadowed>yes</shadowed>
<selfShadowed>no</selfShadowed>
<shadowColor>#ff000000</shadowColor>
<shadowDistance>5.0</shadowDistance>
<shadowRadius>3.0</shadowRadius>
<shadowAngle>45.0</shadowAngle>
<shadowOpacity>0.7</shadowOpacity>
</ShadowEffect>
<BlurEffect>
<enabled>yes</enabled>
<radius>5.9</radius>
<blurType>GAUSSIAN</blurType>
<angle>0.0</angle>
</BlurEffect>
</effects>
<autoRotation>HOUR_24</autoRotation>
<autoRotationDirection>CLOCKWISE</autoRotationDirection>
<autoRotationMultiplier>1</autoRotationMultiplier>
<autoRotationMovement>SMOOTH</autoRotationMovement>
<opacity>1.0</opacity>
<enabled>yes</enabled>
<delay>0</delay>
<hourFormat>WATCH_SETTINGS</hourFormat>
<autoRotationAngleSpan>360</autoRotationAngleSpan>
<fillStyle>
<paintStyle>SOLID</paintStyle>
<colorPoints>
<point>
<position>0.0</position>
<color>#ff9f6d64</color>
</point>
<point>
<position>1.0</position>
<color>#ff000000</color>
</point>
</colorPoints>
<angle>0.0</angle>
<offsetX>0.0</offsetX>
<offsetY>0.0</offsetY>
<relativeTo>CENTER_OF_LAYER</relativeTo>
<textureScale>1.0</textureScale>
</fillStyle>
<strokeStyle>
<paintStyle>SOLID</paintStyle>
<colorPoints>
<point>
<position>0.0</position>
<color>#ffffffff</color>
</point>
<point>
<position>1.0</position>
<color>#ff000000</color>
</point>
</colorPoints>
<angle>0.0</angle>
<offsetX>0.0</offsetX>
<offsetY>0.0</offsetY>
<relativeTo>CENTER_OF_LAYER</relativeTo>
<textureScale>1.0</textureScale>
</strokeStyle>
<thickness>0.0</thickness>
<startAngle>0.0</startAngle>
<sections>
<section>
<top>2.0; 162.2</top>
<bottom>4.0; -45.4</bottom>
<controlPoint>0.0; 0.0</controlPoint>
</section>
</sections>
</HandLayer>
<CircularLayer>
<type>Solid</type>
<name></name>
<center>200.0; 204.64</center>
<middle>195.0; 195.0</middle>
<effects>
<SimplePerspectiveEffect>
<enabled>yes</enabled>
<angle>19.68</angle>
<effect>0.8</effect>
<darken>yes</darken>
<axis>X_AXIS</axis>
<axisAngle>0.0</axisAngle>
</SimplePerspectiveEffect>
<BlurEffect>
<enabled>yes</enabled>
<radius>3.4</radius>
<blurType>ZOOM</blurType>
<angle>0.0</angle>
</BlurEffect>
</effects>
<autoRotation>NONE</autoRotation>
<autoRotationDirection>CLOCKWISE</autoRotationDirection>
<autoRotationMultiplier>1</autoRotationMultiplier>
<autoRotationMovement>SMOOTH</autoRotationMovement>
<opacity>1.0</opacity>
<enabled>yes</enabled>
<delay>0</delay>
<hourFormat>WATCH_SETTINGS</hourFormat>
<autoRotationAngleSpan>360</autoRotationAngleSpan>
<outterRadius>188.8</outterRadius>
<innerRadius>127.6</innerRadius>
<fillStyle>
<paintStyle>CONICAL_GRADIENT</paintStyle>
<colorPoints>
<point>
<position>0.38855782</position>
<color>#ff91d1d1</color>
</point>
<point>
<position>0.852205</position>
<color>#ff003333</color>
</point>
</colorPoints>
<angle>0.0</angle>
<offsetX>0.0</offsetX>
<offsetY>-0.09</offsetY>
<relativeTo>CENTER_OF_LAYER</relativeTo>
<textureScale>1.0</textureScale>
</fillStyle>
<strokeStyle>
<paintStyle>SOLID</paintStyle>
<colorPoints>
<point>
<position>0.0</position>
<color>#ff000000</color>
</point>
<point>
<position>1.0</position>
<color>#ff000000</color>
</point>
</colorPoints>
<angle>0.0</angle>
<offsetX>0.0</offsetX>
<offsetY>0.0</offsetY>
<relativeTo>CENTER_OF_LAYER</relativeTo>
<textureScale>1.0</textureScale>
</strokeStyle>
<thickness>5.1</thickness>
<startAngle>112.76</startAngle>
<angleSpan>360.0</angleSpan>
<rounded>no</rounded>
</CircularLayer>
<TicksLayer>
<type>Ticks</type>
<name></name>
<center>200.0; 192.94</center>
<middle>161.0; 161.0</middle>
<effects>
<SimplePerspectiveEffect>
<enabled>yes</enabled>
<angle>16.0</angle>
<effect>0.8</effect>
<darken>yes</darken>
<axis>X_AXIS</axis>
<axisAngle>0.0</axisAngle>
</SimplePerspectiveEffect>
</effects>
<autoRotation>NONE</autoRotation>
<autoRotationDirection>CLOCKWISE</autoRotationDirection>
<autoRotationMultiplier>1</autoRotationMultiplier>
<autoRotationMovement>SMOOTH</autoRotationMovement>
<opacity>1.0</opacity>
<enabled>yes</enabled>
<delay>0</delay>
<hourFormat>WATCH_SETTINGS</hourFormat>
<autoRotationAngleSpan>360</autoRotationAngleSpan>
<outterRadius>156.3</outterRadius>
<innerRadius>142.8</innerRadius>
<numberOfTicks>60</numberOfTicks>
<fillStyle>
<paintStyle>SOLID</paintStyle>
<colorPoints>
<point>
<position>0.0</position>
<color>#ff121111</color>
</point>
<point>
<position>1.0</position>
<color>#ff000000</color>
</point>
</colorPoints>
<angle>0.0</angle>
<offsetX>0.0</offsetX>
<offsetY>0.0</offsetY>
<relativeTo>CENTER_OF_LAYER</relativeTo>
<textureScale>1.0</textureScale>
</fillStyle>
<strokeStyle>
<paintStyle>SOLID</paintStyle>
<colorPoints>
<point>
<position>0.0</position>
<color>#ffffffff</color>
</point>
<point>
<position>1.0</position>
<color>#ff000000</color>
</point>
</colorPoints>
<angle>0.0</angle>
<offsetX>0.0</offsetX>
<offsetY>0.0</offsetY>
<relativeTo>CENTER_OF_LAYER</relativeTo>
<textureScale>1.0</textureScale>
</strokeStyle>
<strokeThickness>0.0</strokeThickness>
<topThickness>3.4</topThickness>
<bottomThickness>2.0</bottomThickness>
<rounded>no</rounded>
<dotSize>10.0</dotSize>
<startAngle>0.0</startAngle>
<angleSpan>360.0</angleSpan>
<skipText></skipText>
<representationStyle>TICK</representationStyle>
<fillStylePerTick>no</fillStylePerTick>
<strokeStylePerTick>no</strokeStylePerTick>
<squarify>0.0</squarify>
<filename></filename>
</TicksLayer>
<HandLayer>
<type>HandLayer</type>
<name></name>
<center>200.0; 200.0</center>
<middle>400.0; 400.0</middle>
<effects>
<ShadowEffect>
<enabled>yes</enabled>
<shadowed>yes</shadowed>
<selfShadowed>no</selfShadowed>
<shadowColor>#ff000000</shadowColor>
<shadowDistance>5.0</shadowDistance>
<shadowRadius>3.0</shadowRadius>
<shadowAngle>45.0</shadowAngle>
<shadowOpacity>0.7</shadowOpacity>
</ShadowEffect>
<BlurEffect>
<enabled>yes</enabled>
<radius>3.0</radius>
<blurType>GAUSSIAN</blurType>
<angle>0.0</angle>
</BlurEffect>
<BrushedEffect>
<enabled>yes</enabled>
<brushType>STAR</brushType>
<shininess>0.25</shininess>
<shininessAngle>225.0</shininessAngle>
<spreadFactor>1.0</spreadFactor>
<brushStrength>60</brushStrength>
<brushDepth>0.5</brushDepth>
<brushAngle>0.0</brushAngle>
<contrast>1.0</contrast>
</BrushedEffect>
<EmbossEffect>
<enabled>yes</enabled>
<embossSoftness>5.0</embossSoftness>
<embossHeight>3.0</embossHeight>
<embossElevation>3.0</embossElevation>
<embossLightAngle>45.0</embossLightAngle>
<embossBumpSource>TRANSPARENCY</embossBumpSource>
<mapOffsetX>0.0</mapOffsetX>
<mapOffsetY>0.0</mapOffsetY>
<mapScale>1.0</mapScale>
<bumpMethod>STANDARD</bumpMethod>
<maxDistance>10</maxDistance>
<blurLevel>2.0</blurLevel>
<bumpSide>INSIDE_AND_OUTSIDE</bumpSide>
<MappingFunction>
<Point>0.0; 0.0</Point>
<Point>1.0; 1.0</Point>
</MappingFunction>
<lightColor>#ffffffff</lightColor>
<lightIntensity>1.0</lightIntensity>
<secondLightEnabled>no</secondLightEnabled>
<secondLightElevation>90.0</secondLightElevation>
<secondLightAngle>45.0</secondLightAngle>
<secondLightIntensity>0.5</secondLightIntensity>
<secondLightType>AMBIENT</secondLightType>
<secondLightColor>#ffffffff</secondLightColor>
<normalCalculationMethod>ORIGINAL</normalCalculationMethod>
<sobelArea>3</sobelArea>
</EmbossEffect>
</effects>
<autoRotation>MINUTE</autoRotation>
<autoRotationDirection>CLOCKWISE</autoRotationDirection>
<autoRotationMultiplier>1</autoRotationMultiplier>
<autoRotationMovement>SMOOTH</autoRotationMovement>
<opacity>1.0</opacity>
<enabled>yes</enabled>
<delay>0</delay>
<hourFormat>WATCH_SETTINGS</hourFormat>
<autoRotationAngleSpan>360</autoRotationAngleSpan>
<fillStyle>
<paintStyle>SOLID</paintStyle>
<colorPoints>
<point>
<position>0.0</position>
<color>#ff33ffff</color>
</point>
<point>
<position>1.0</position>
<color>#ff000000</color>
</point>
</colorPoints>
<angle>0.0</angle>
<offsetX>0.0</offsetX>
<offsetY>0.0</offsetY>
<relativeTo>CENTER_OF_LAYER</relativeTo>
<textureScale>1.0</textureScale>
</fillStyle>
<strokeStyle>
<paintStyle>SOLID</paintStyle>
<colorPoints>
<point>
<position>0.0</position>
<color>#ff000000</color>
</point>
<point>
<position>1.0</position>
<color>#ff000000</color>
</point>
</colorPoints>
<angle>0.0</angle>
<offsetX>0.0</offsetX>
<offsetY>0.0</offsetY>
<relativeTo>CENTER_OF_LAYER</relativeTo>
<textureScale>1.0</textureScale>
</strokeStyle>
<thickness>1.7</thickness>
<startAngle>0.0</startAngle>
<sections>
<section>
<top>10.0; 162.2</top>
<bottom>10.0; -29.4</bottom>
<controlPoint>0.0; 0.0</controlPoint>
</section>
</sections>
</HandLayer>
<HandLayer>
<type>HandLayer</type>
<name></name>
<center>200.0; 200.0</center>
<middle>400.0; 400.0</middle>
<effects>
<EmbossEffect>
<enabled>yes</enabled>
<embossSoftness>5.0</embossSoftness>
<embossHeight>3.0</embossHeight>
<embossElevation>3.0</embossElevation>
<embossLightAngle>45.0</embossLightAngle>
<embossBumpSource>TRANSPARENCY</embossBumpSource>
<mapOffsetX>0.0</mapOffsetX>
<mapOffsetY>0.0</mapOffsetY>
<mapScale>1.0</mapScale>
<bumpMethod>STANDARD</bumpMethod>
<maxDistance>10</maxDistance>
<blurLevel>2.0</blurLevel>
<bumpSide>INSIDE_AND_OUTSIDE</bumpSide>
<MappingFunction>
<Point>0.0; 0.0</Point>
<Point>1.0; 1.0</Point>
</MappingFunction>
<lightColor>#ffffffff</lightColor>
<lightIntensity>1.0</lightIntensity>
<secondLightEnabled>no</secondLightEnabled>
<secondLightElevation>90.0</secondLightElevation>
<secondLightAngle>45.0</secondLightAngle>
<secondLightIntensity>0.5</secondLightIntensity>
<secondLightType>AMBIENT</secondLightType>
<secondLightColor>#ffffffff</secondLightColor>
<normalCalculationMethod>ORIGINAL</normalCalculationMethod>
<sobelArea>3</sobelArea>
</EmbossEffect>
<ShadowEffect>
<enabled>yes</enabled>
<shadowed>yes</shadowed>
<selfShadowed>no</selfShadowed>
<shadowColor>#ff000000</shadowColor>
<shadowDistance>5.0</shadowDistance>
<shadowRadius>3.0</shadowRadius>
<shadowAngle>45.0</shadowAngle>
<shadowOpacity>0.7</shadowOpacity>
</ShadowEffect>
</effects>
<autoRotation>SECOND</autoRotation>
<autoRotationDirection>CLOCKWISE</autoRotationDirection>
<autoRotationMultiplier>1</autoRotationMultiplier>
<autoRotationMovement>SMOOTH</autoRotationMovement>
<opacity>1.0</opacity>
<enabled>yes</enabled>
<delay>0</delay>
<hourFormat>WATCH_SETTINGS</hourFormat>
<autoRotationAngleSpan>360</autoRotationAngleSpan>
<fillStyle>
<paintStyle>SOLID</paintStyle>
<colorPoints>
<point>
<position>0.0</position>
<color>#ff135b14</color>
</point>
<point>
<position>1.0</position>
<color>#ff000000</color>
</point>
</colorPoints>
<angle>0.0</angle>
<offsetX>0.0</offsetX>
<offsetY>0.0</offsetY>
<relativeTo>CENTER_OF_LAYER</relativeTo>
<textureScale>1.0</textureScale>
</fillStyle>
<strokeStyle>
<paintStyle>SOLID</paintStyle>
<colorPoints>
<point>
<position>0.0</position>
<color>#ffffffff</color>
</point>
<point>
<position>1.0</position>
<color>#ff000000</color>
</point>
</colorPoints>
<angle>0.0</angle>
<offsetX>0.0</offsetX>
<offsetY>0.0</offsetY>
<relativeTo>CENTER_OF_LAYER</relativeTo>
<textureScale>1.0</textureScale>
</strokeStyle>
<thickness>0.0</thickness>
<startAngle>0.0</startAngle>
<sections>
<section>
<top>2.0; 162.2</top>
<bottom>4.0; -45.4</bottom>
<controlPoint>0.0; 0.0</controlPoint>
</section>
</sections>
</HandLayer>
<CircularLayer>
<type>Solid</type>
<name></name>
<center>200.0; 200.0</center>
<middle>207.0; 207.0</middle>
<effects>
<SimplePerspectiveEffect>
<enabled>yes</enabled>
<angle>16.0</angle>
<effect>0.8</effect>
<darken>yes</darken>
<axis>X_AXIS</axis>
<axisAngle>0.0</axisAngle>
</SimplePerspectiveEffect>
<BrushedEffect>
<enabled>yes</enabled>
<brushType>RADIAL</brushType>
<shininess>0.15</shininess>
<shininessAngle>225.0</shininessAngle>
<spreadFactor>1.39</spreadFactor>
<brushStrength>60</brushStrength>
<brushDepth>0.11</brushDepth>
<brushAngle>0.0</brushAngle>
<contrast>3.19</contrast>
</BrushedEffect>
<BlurEffect>
<enabled>yes</enabled>
<radius>0.8</radius>
<blurType>ZOOM</blurType>
<angle>0.0</angle>
</BlurEffect>
<EmbossEffect>
<enabled>yes</enabled>
<embossSoftness>0.8</embossSoftness>
<embossHeight>-0.41</embossHeight>
<embossElevation>12.12</embossElevation>
<embossLightAngle>45.0</embossLightAngle>
<embossBumpSource>TRANSPARENCY</embossBumpSource>
<mapOffsetX>0.0</mapOffsetX>
<mapOffsetY>0.0</mapOffsetY>
<mapScale>1.0</mapScale>
<bumpMethod>STANDARD</bumpMethod>
<maxDistance>10</maxDistance>
<blurLevel>2.0</blurLevel>
<bumpSide>INSIDE_AND_OUTSIDE</bumpSide>
<MappingFunction>
<Point>0.0; 0.0</Point>
<Point>1.0; 1.0</Point>
</MappingFunction>
<lightColor>#ffffffff</lightColor>
<lightIntensity>1.0</lightIntensity>
<secondLightEnabled>no</secondLightEnabled>
<secondLightElevation>90.0</secondLightElevation>
<secondLightAngle>45.0</secondLightAngle>
<secondLightIntensity>0.5</secondLightIntensity>
<secondLightType>AMBIENT</secondLightType>
<secondLightColor>#ffffffff</secondLightColor>
<normalCalculationMethod>ORIGINAL</normalCalculationMethod>
<sobelArea>3</sobelArea>
</EmbossEffect>
</effects>
<autoRotation>NONE</autoRotation>
<autoRotationDirection>CLOCKWISE</autoRotationDirection>
<autoRotationMultiplier>1</autoRotationMultiplier>
<autoRotationMovement>SMOOTH</autoRotationMovement>
<opacity>1.0</opacity>
<enabled>yes</enabled>
<delay>0</delay>
<hourFormat>WATCH_SETTINGS</hourFormat>
<autoRotationAngleSpan>360</autoRotationAngleSpan>
<outterRadius>205.8</outterRadius>
<innerRadius>159.6</innerRadius>
<fillStyle>
<paintStyle>LINEAR_GRADIENT</paintStyle>
<colorPoints>
<point>
<position>0.33611444</position>
<color>#ff869898</color>
</point>
<point>
<position>0.7437425</position>
<color>#ff003333</color>
</point>
</colorPoints>
<angle>-104.53</angle>
<offsetX>0.0</offsetX>
<offsetY>0.0</offsetY>
<relativeTo>CENTER_OF_LAYER</relativeTo>
<textureScale>1.0</textureScale>
</fillStyle>
<strokeStyle>
<paintStyle>SOLID</paintStyle>
<colorPoints>
<point>
<position>0.0</position>
<color>#ff000000</color>
</point>
<point>
<position>1.0</position>
<color>#ff000000</color>
</point>
</colorPoints>
<angle>0.0</angle>
<offsetX>0.0</offsetX>
<offsetY>0.0</offsetY>
<relativeTo>CENTER_OF_LAYER</relativeTo>
<textureScale>1.0</textureScale>
</strokeStyle>
<thickness>0.0</thickness>
<startAngle>0.0</startAngle>
<angleSpan>360.0</angleSpan>
<rounded>no</rounded>
</CircularLayer>
<PerspectiveTextLayer>
<type>Text</type>
<name></name>
<center>200.0; 202.14</center>
<middle>213.0; 213.0</middle>
<effects>
<SimplePerspectiveEffect>
<enabled>yes</enabled>
<angle>14.3</angle>
<effect>0.8</effect>
<darken>yes</darken>
<axis>X_AXIS</axis>
<axisAngle>0.0</axisAngle>
</SimplePerspectiveEffect>
<BlurEffect>
<enabled>yes</enabled>
<radius>5.5</radius>
<blurType>GAUSSIAN</blurType>
<angle>0.0</angle>
</BlurEffect>
</effects>
<autoRotation>NONE</autoRotation>
<autoRotationDirection>CLOCKWISE</autoRotationDirection>
<autoRotationMultiplier>1</autoRotationMultiplier>
<autoRotationMovement>SMOOTH</autoRotationMovement>
<opacity>1.0</opacity>
<enabled>yes</enabled>
<delay>0</delay>
<hourFormat>WATCH_SETTINGS</hourFormat>
<autoRotationAngleSpan>360</autoRotationAngleSpan>
<radius>164</radius>
<font>Arial Black;36;1</font>
<fillStyle>
<paintStyle>SOLID</paintStyle>
<colorPoints>
<point>
<position>0.0</position>
<color>#ff3a4040</color>
</point>
<point>
<position>1.0</position>
<color>#ff000000</color>
</point>
</colorPoints>
<angle>0.0</angle>
<offsetX>0.0</offsetX>
<offsetY>0.0</offsetY>
<relativeTo>CENTER_OF_LAYER</relativeTo>
<textureScale>1.0</textureScale>
</fillStyle>
<strokeStyle>
<paintStyle>SOLID</paintStyle>
<colorPoints>
<point>
<position>0.0</position>
<color>#ff000000</color>
</point>
<point>
<position>1.0</position>
<color>#ff000000</color>
</point>
</colorPoints>
<angle>0.0</angle>
<offsetX>0.0</offsetX>
<offsetY>0.0</offsetY>
<relativeTo>CENTER_OF_LAYER</relativeTo>
<textureScale>1.0</textureScale>
</strokeStyle>
<strokeWidth>0.0</strokeWidth>
<rotatedTextSpacing>0.0</rotatedTextSpacing>
<squarify>0.0</squarify>
<startAngle>0.0</startAngle>
<angleSpan>360.0</angleSpan>
<numbers>12,1,2,3,4,5,6,7,8,9,10,11</numbers>
<rotationStyle>INVERT_BOTTOM</rotationStyle>
<textSlant>0.0</textSlant>
<perspectiveAngle>11.27</perspectiveAngle>
<locationRelativeToRadius>DEFAULT</locationRelativeToRadius>
</PerspectiveTextLayer>
<PerspectiveTextLayer>
<type>Text</type>
<name></name>
<center>200.0; 196.46</center>
<middle>209.0; 209.0</middle>
<effects>
<SimplePerspectiveEffect>
<enabled>yes</enabled>
<angle>13.99</angle>
<effect>0.8</effect>
<darken>yes</darken>
<axis>X_AXIS</axis>
<axisAngle>0.0</axisAngle>
</SimplePerspectiveEffect>
<EmbossEffect>
<enabled>yes</enabled>
<embossSoftness>5.0</embossSoftness>
<embossHeight>3.0</embossHeight>
<embossElevation>3.0</embossElevation>
<embossLightAngle>45.0</embossLightAngle>
<embossBumpSource>TRANSPARENCY</embossBumpSource>
<mapOffsetX>0.0</mapOffsetX>
<mapOffsetY>0.0</mapOffsetY>
<mapScale>1.0</mapScale>
<bumpMethod>STANDARD</bumpMethod>
<maxDistance>10</maxDistance>
<blurLevel>2.0</blurLevel>
<bumpSide>INSIDE_AND_OUTSIDE</bumpSide>
<MappingFunction>
<Point>0.0; 0.0</Point>
<Point>1.0; 1.0</Point>
</MappingFunction>
<lightColor>#ffffffff</lightColor>
<lightIntensity>1.0</lightIntensity>
<secondLightEnabled>no</secondLightEnabled>
<secondLightElevation>90.0</secondLightElevation>
<secondLightAngle>45.0</secondLightAngle>
<secondLightIntensity>0.5</secondLightIntensity>
<secondLightType>AMBIENT</secondLightType>
<secondLightColor>#ffffffff</secondLightColor>
<normalCalculationMethod>ORIGINAL</normalCalculationMethod>
<sobelArea>3</sobelArea>
</EmbossEffect>
</effects>
<autoRotation>NONE</autoRotation>
<autoRotationDirection>CLOCKWISE</autoRotationDirection>
<autoRotationMultiplier>1</autoRotationMultiplier>
<autoRotationMovement>SMOOTH</autoRotationMovement>
<opacity>1.0</opacity>
<enabled>yes</enabled>
<delay>0</delay>
<hourFormat>WATCH_SETTINGS</hourFormat>
<autoRotationAngleSpan>360</autoRotationAngleSpan>
<radius>165</radius>
<font>Arial Black;32;1</font>
<fillStyle>
<paintStyle>SOLID</paintStyle>
<colorPoints>
<point>
<position>0.0</position>
<color>#ff00ffff</color>
</point>
<point>
<position>1.0</position>
<color>#ff000000</color>
</point>
</colorPoints>
<angle>0.0</angle>
<offsetX>0.0</offsetX>
<offsetY>0.0</offsetY>
<relativeTo>CENTER_OF_LAYER</relativeTo>
<textureScale>1.0</textureScale>
</fillStyle>
<strokeStyle>
<paintStyle>SOLID</paintStyle>
<colorPoints>
<point>
<position>0.0</position>
<color>#ff000000</color>
</point>
<point>
<position>1.0</position>
<color>#ff000000</color>
</point>
</colorPoints>
<angle>0.0</angle>
<offsetX>0.0</offsetX>
<offsetY>0.0</offsetY>
<relativeTo>CENTER_OF_LAYER</relativeTo>
<textureScale>1.0</textureScale>
</strokeStyle>
<strokeWidth>0.0</strokeWidth>
<rotatedTextSpacing>0.0</rotatedTextSpacing>
<squarify>0.0</squarify>
<startAngle>0.0</startAngle>
<angleSpan>360.0</angleSpan>
<numbers>12,1,2,3,4,5,6,7,8,9,10,11</numbers>
<rotationStyle>INVERT_BOTTOM</rotationStyle>
<textSlant>0.0</textSlant>
<perspectiveAngle>11.27</perspectiveAngle>
<locationRelativeToRadius>DEFAULT</locationRelativeToRadius>
</PerspectiveTextLayer>
<CircularLayer>
<type>Solid</type>
<name></name>
<center>200.0; 200.0</center>
<middle>13.0; 13.0</middle>
<effects>
<EmbossEffect>
<enabled>yes</enabled>
<embossSoftness>5.0</embossSoftness>
<embossHeight>3.0</embossHeight>
<embossElevation>3.0</embossElevation>
<embossLightAngle>45.0</embossLightAngle>
<embossBumpSource>TRANSPARENCY</embossBumpSource>
<mapOffsetX>0.0</mapOffsetX>
<mapOffsetY>0.0</mapOffsetY>
<mapScale>1.0</mapScale>
<bumpMethod>STANDARD</bumpMethod>
<maxDistance>10</maxDistance>
<blurLevel>2.0</blurLevel>
<bumpSide>INSIDE_AND_OUTSIDE</bumpSide>
<MappingFunction>
<Point>0.0; 0.0</Point>
<Point>1.0; 1.0</Point>
</MappingFunction>
<lightColor>#ffffffff</lightColor>
<lightIntensity>1.0</lightIntensity>
<secondLightEnabled>no</secondLightEnabled>
<secondLightElevation>90.0</secondLightElevation>
<secondLightAngle>45.0</secondLightAngle>
<secondLightIntensity>0.5</secondLightIntensity>
<secondLightType>AMBIENT</secondLightType>
<secondLightColor>#ffffffff</secondLightColor>
<normalCalculationMethod>ORIGINAL</normalCalculationMethod>
<sobelArea>3</sobelArea>
</EmbossEffect>
</effects>
<autoRotation>NONE</autoRotation>
<autoRotationDirection>CLOCKWISE</autoRotationDirection>
<autoRotationMultiplier>1</autoRotationMultiplier>
<autoRotationMovement>SMOOTH</autoRotationMovement>
<opacity>1.0</opacity>
<enabled>yes</enabled>
<delay>0</delay>
<hourFormat>WATCH_SETTINGS</hourFormat>
<autoRotationAngleSpan>360</autoRotationAngleSpan>
<outterRadius>11.9</outterRadius>
<innerRadius>0.0</innerRadius>
<fillStyle>
<paintStyle>SOLID</paintStyle>
<colorPoints>
<point>
<position>0.0</position>
<color>#ff006666</color>
</point>
<point>
<position>1.0</position>
<color>#ff000000</color>
</point>
</colorPoints>
<angle>0.0</angle>
<offsetX>0.0</offsetX>
<offsetY>0.0</offsetY>
<relativeTo>CENTER_OF_LAYER</relativeTo>
<textureScale>1.0</textureScale>
</fillStyle>
<strokeStyle>
<paintStyle>SOLID</paintStyle>
<colorPoints>
<point>
<position>0.0</position>
<color>#ff000000</color>
</point>
<point>
<position>1.0</position>
<color>#ff000000</color>
</point>
</colorPoints>
<angle>0.0</angle>
<offsetX>0.0</offsetX>
<offsetY>0.0</offsetY>
<relativeTo>CENTER_OF_LAYER</relativeTo>
<textureScale>1.0</textureScale>
</strokeStyle>
<thickness>0.0</thickness>
<startAngle>0.0</startAngle>
<angleSpan>360.0</angleSpan>
<rounded>no</rounded>
</CircularLayer>
<PerspectiveTextLayer>
<type>Text</type>
<name></name>
<center>200.0; 200.0</center>
<middle>247.0; 247.0</middle>
<effects>
<SimpleEmbossEffect>
<enabled>yes</enabled>
<distance>2.0</distance>
<angle>0.0</angle>
<strength>1.0</strength>
<blurRadius>0.0</blurRadius>
</SimpleEmbossEffect>
</effects>
<autoRotation>NONE</autoRotation>
<autoRotationDirection>CLOCKWISE</autoRotationDirection>
<autoRotationMultiplier>1</autoRotationMultiplier>
<autoRotationMovement>SMOOTH</autoRotationMovement>
<opacity>1.0</opacity>
<enabled>yes</enabled>
<delay>0</delay>
<hourFormat>WATCH_SETTINGS</hourFormat>
<autoRotationAngleSpan>360</autoRotationAngleSpan>
<radius>178</radius>
<font>Arial;18;1</font>
<fillStyle>
<paintStyle>SOLID</paintStyle>
<colorPoints>
<point>
<position>0.0</position>
<color>#ffff3300</color>
</point>
<point>
<position>1.0</position>
<color>#ff000000</color>
</point>
</colorPoints>
<angle>0.0</angle>
<offsetX>0.0</offsetX>
<offsetY>0.0</offsetY>
<relativeTo>CENTER_OF_LAYER</relativeTo>
<textureScale>1.0</textureScale>
</fillStyle>
<strokeStyle>
<paintStyle>SOLID</paintStyle>
<colorPoints>
<point>
<position>0.0</position>
<color>#ff000000</color>
</point>
<point>
<position>1.0</position>
<color>#ff000000</color>
</point>
</colorPoints>
<angle>0.0</angle>
<offsetX>0.0</offsetX>
<offsetY>0.0</offsetY>
<relativeTo>CENTER_OF_LAYER</relativeTo>
<textureScale>1.0</textureScale>
</strokeStyle>
<strokeWidth>0.0</strokeWidth>
<rotatedTextSpacing>0.0</rotatedTextSpacing>
<squarify>0.0</squarify>
<startAngle>180.0</startAngle>
<angleSpan>360.0</angleSpan>
<numbers>POWER</numbers>
<rotationStyle>INVERT_BOTTOM</rotationStyle>
<textSlant>0.0</textSlant>
<perspectiveAngle>0.0</perspectiveAngle>
<locationRelativeToRadius>DEFAULT</locationRelativeToRadius>
</PerspectiveTextLayer>
<ThreeDeeBezel>
<type>3D Bezel</type>
<name></name>
<center>200.0; 200.0</center>
<middle>201.0; 201.0</middle>
<effects>
</effects>
<autoRotation>NONE</autoRotation>
<autoRotationDirection>CLOCKWISE</autoRotationDirection>
<autoRotationMultiplier>1</autoRotationMultiplier>
<autoRotationMovement>SMOOTH</autoRotationMovement>
<opacity>1.0</opacity>
<enabled>yes</enabled>
<delay>0</delay>
<hourFormat>WATCH_SETTINGS</hourFormat>
<autoRotationAngleSpan>360</autoRotationAngleSpan>
<radius>200</radius>
<largeWidth>0</largeWidth>
<smallWidth>5</smallWidth>
<color>#ff000000</color>
<lightAngle>45.0</lightAngle>
<effectType>OUTSIDE_TALL</effectType>
</ThreeDeeBezel>
<PerspectiveTextLayer>
<type>Text</type>
<name></name>
<center>200.0; 165.12</center>
<middle>217.0; 217.0</middle>
<effects>
<SimpleEmbossEffect>
<enabled>yes</enabled>
<distance>2.0</distance>
<angle>0.0</angle>
<strength>1.0</strength>
<blurRadius>0.0</blurRadius>
</SimpleEmbossEffect>
</effects>
<autoRotation>NONE</autoRotation>
<autoRotationDirection>CLOCKWISE</autoRotationDirection>
<autoRotationMultiplier>1</autoRotationMultiplier>
<autoRotationMovement>SMOOTH</autoRotationMovement>
<opacity>1.0</opacity>
<enabled>yes</enabled>
<delay>0</delay>
<hourFormat>WATCH_SETTINGS</hourFormat>
<autoRotationAngleSpan>360</autoRotationAngleSpan>
<radius>142</radius>
<font>Magneto;18;1</font>
<fillStyle>
<paintStyle>SOLID</paintStyle>
<colorPoints>
<point>
<position>0.0</position>
<color>#ffc0c0c0</color>
</point>
<point>
<position>1.0</position>
<color>#ff000000</color>
</point>
</colorPoints>
<angle>0.0</angle>
<offsetX>0.0</offsetX>
<offsetY>0.0</offsetY>
<relativeTo>CENTER_OF_LAYER</relativeTo>
<textureScale>1.0</textureScale>
</fillStyle>
<strokeStyle>
<paintStyle>SOLID</paintStyle>
<colorPoints>
<point>
<position>0.0</position>
<color>#ff000000</color>
</point>
<point>
<position>1.0</position>
<color>#ff000000</color>
</point>
</colorPoints>
<angle>0.0</angle>
<offsetX>0.0</offsetX>
<offsetY>0.0</offsetY>
<relativeTo>CENTER_OF_LAYER</relativeTo>
<textureScale>1.0</textureScale>
</strokeStyle>
<strokeWidth>0.0</strokeWidth>
<rotatedTextSpacing>0.0</rotatedTextSpacing>
<squarify>0.0</squarify>
<startAngle>0.0</startAngle>
<angleSpan>360.0</angleSpan>
<numbers>SlaveK</numbers>
<rotationStyle>ALWAYS</rotationStyle>
<textSlant>0.0</textSlant>
<perspectiveAngle>9.91</perspectiveAngle>
<locationRelativeToRadius>DEFAULT</locationRelativeToRadius>
</PerspectiveTextLayer>
</WatchFaceDesign>
