<?xml version="1.0" encoding="utf-8"?>
<clockskin>
	<drawable>
		<name>image2.png</name>
		<rotate>3</rotate>
		<centerX>-30</centerX>
		<centerY>47</centerY>
	</drawable>
	<drawable>
		<name>LeftGear_2_1.png</name>
		<rotate>3</rotate>
		<centerX>-39</centerX>
		<centerY>-54</centerY>
		<direction>2</direction>
		<mulrotate>2</mulrotate>
	</drawable>
	<drawable>
		<name>image5_1.png</name>
		<rotate>3</rotate>
		<centerX>131</centerX>
		<centerY>115</centerY>
		<direction>2</direction>
		<mulrotate>5</mulrotate>
	</drawable>
	<drawable>
		<name>LeftGear_2.png</name>
		<rotate>3</rotate>
		<centerX>108</centerX>
		<centerY>-124</centerY>
		<direction>1</direction>
		<mulrotate>3</mulrotate>
	</drawable>	
       <drawable>
		<name>image5.png</name>
		<rotate>3</rotate>
		<centerX>68</centerX>
		<centerY>-156</centerY>
		<direction>2</direction>
		<mulrotate>5</mulrotate>
	</drawable>
	<drawable>
		<name>APLE-osnova 1.png</name>
	</drawable>
	<drawable>
		<name>ura.xml</name>
		<arraytype>6</arraytype>
		<centerX>50</centerX>
		<centerY>-8</centerY>
	</drawable>
	<drawable>
		<name>sek.xml</name>
		<arraytype>9</arraytype>
		<centerX>168</centerX>
		<centerY>8</centerY>
	</drawable>
	<drawable>
		<name>kor.xml</name>
		<arraytype>12</arraytype>
		<centerX>-121</centerX>
		<centerY>-7</centerY>
	</drawable>
	<drawable>
		<name>bat.xml</name>
		<arraytype>14</arraytype>
		<centerX>9</centerX>
		<centerY>-135</centerY>
	</drawable>
	<drawable>
		<name>KM.xml</name>
		<arraytype>60</arraytype>
		<centerX>-104</centerX>
		<centerY>121</centerY>
	</drawable>
	<drawable>
		<name>srce.xml</name>
		<arraytype>13</arraytype>
		<centerX>97</centerX>
		<centerY>143</centerY>
	</drawable>
	<drawable>
		<name>mes.xml</name>
		<arraytype>3</arraytype>
		<centerX>130</centerX>
		<centerY>-88</centerY>
	</drawable>
	<drawable>
		<name>dan.xml</name>
		<arraytype>4</arraytype>
		<centerX>58</centerX>
		<centerY>-86</centerY>
	</drawable>
	<drawable>
		<name>digital11.xml</name>
		<arraytype>10</arraytype>
		<centerX>-98</centerX>
		<centerY>-143</centerY>
	</drawable>
	<drawable>
		<name>digital5.xml</name>
		<arraytype>11</arraytype>
		<centerX>-119</centerX>
		<centerY>-105</centerY>
	</drawable>
	<drawable>
		<name>ted.xml</name>
		<arraytype>5</arraytype>
		<centerX>83</centerX>
		<centerY>70</centerY>
	</drawable>
	<drawable>
		<name>digital14.xml</name>
		<arraytype>61</arraytype>
	</drawable>
	<drawable>
		<name>digital8.xml</name>
		<arraytype>12</arraytype>
	</drawable>
	<drawable>
		<name>digital9_1.xml</name>
		<arraytype>12</arraytype>
		<centerX>400</centerX>
	</drawable>
	<drawable>
		<name>digital9.xml</name>
		<arraytype>13</arraytype>
	</drawable>
<!--COMMENTED BY ClockSkinMaker
<metadata gui='rra' version='2.0.0.2'/>
-->
</clockskin>