<?xml version="1.0" encoding="utf-8"?>
<drawables>
	<image>ted_sun.png</image>
	<image>ted_mon.png</image>
	<image>ted_tue.png</image>
	<image>ted_wed.png</image>
	<image>ted_thu.png</image>
	<image>ted_fri.png</image>
	<image>ted_sat.png</image>
<!--COMMENTED BY ClockSkinMaker
<metadata gui='rra' version='2.0.0.2' type='array_weekday' forecolor='FFFFFF' autoscale='1' font='Zebulon' fontstyle='Regular' fontsize='16,16842'>
<content forecolor='FF8000'>NEDELJA</content>
<content forecolor='8080FF'>PONDEl</content>
<content forecolor='8080FF'>TOREK</content>
<content forecolor='8080FF'>SREDA</content>
<content forecolor='8080FF'>ČETRTEK</content>
<content forecolor='8080FF'>PETEK</content>
<content forecolor='FF8040'>SOBOTA</content>
</metadata>
-->
</drawables>