<clockskin>
    <drawable>
        <rotate>4</rotate>
        <direction>2</direction>
        <mulrotate>1</mulrotate>
        <name>image1.png</name>
    </drawable>
    <drawable>
        <name>image2.png</name>
    </drawable>
    <drawable>
        <rotate>7</rotate>
        <mulrotate>1</mulrotate>
        <centerX>-65</centerX>
        <centerY>94</centerY>
        <name>image3.png</name>
    </drawable>
    <drawable>
        <name>image4.png</name>
    </drawable>
    <drawable>
        <name>digital1.xml</name>
        <arraytype>4</arraytype>
        <centerX>-64</centerX>
        <centerY>-96</centerY>
    </drawable>
    <drawable>
        <rotate>5</rotate>
        <mulrotate>-4</mulrotate>
        <centerX>-58</centerX>
        <centerY>4</centerY>
        <name>image5.png</name>
    </drawable>
    <drawable>
        <rotate>1</rotate>
        <mulrotate>1</mulrotate>
        <centerX>65</centerX>
        <centerY>-2</centerY>
        <name>image6.png</name>
    </drawable>
    <drawable>
        <rotate>2</rotate>
        <mulrotate>1</mulrotate>
        <centerX>65</centerX>
        <centerY>-2</centerY>
        <name>image7.png</name>
    </drawable>
    <drawable>
        <name>digital2.xml</name>
        <arraytype>14</arraytype>
        <centerX>-4</centerX>
        <centerY>143</centerY>
    </drawable>
</clockskin>
