<?xml version="1.0" encoding="utf-8"?>
<clockskin>
	<drawable>
		<name>2nd.png</name>
	</drawable>
	<drawable>
		<name>battery.xml</name>
		<arraytype>14</arraytype>
		<centerX>-3</centerX>
		<centerY>156</centerY>
	</drawable>
	<drawable>
		<name>imageedit_1_7605255529_1.png</name>
		<rotate>1</rotate>
		<centerX>-61</centerX>
		<centerY>43</centerY>
	</drawable>
	<drawable>
		<name>imageedit_1_7605255529.png</name>
		<rotate>2</rotate>
		<centerX>-25</centerX>
		<centerY>32</centerY>
	</drawable>
<!--COMMENTED BY ClockSkinMaker
<metadata gui='rra' version='2.0.0.2'/>
-->
</clockskin>