<?xml version="1.0" encoding="utf-8"?>
<clockskin>
	<drawable>
		<name>image1.png</name>
	</drawable>
	<drawable>
		<name>digital1.xml</name>
		<arraytype>6</arraytype>
		<centerX>-40</centerX>
		<centerY>94</centerY>
	</drawable>
	<drawable>
		<name>digital2.xml</name>
		<arraytype>6</arraytype>
		<centerX>43</centerX>
		<centerY>94</centerY>
	</drawable>
	<drawable>
		<name>digitpink1_2.xml</name>
		<arraytype>9</arraytype>
		<centerX>72</centerX>
		<centerY>101</centerY>
	</drawable>
	<drawable>
		<name>image2.png</name>
		<rotate>1</rotate>
		<centerX>-4</centerX>
		<centerY>5</centerY>
		<mulrotate>1</mulrotate>
	</drawable>
	<drawable>
		<name>image3.png</name>
		<rotate>1</rotate>
		<mulrotate>1</mulrotate>
	</drawable>
	<drawable>
		<name>image4.png</name>
		<rotate>2</rotate>
		<centerX>-4</centerX>
		<centerY>5</centerY>
		<mulrotate>1</mulrotate>
	</drawable>
	<drawable>
		<name>image5.png</name>
		<rotate>2</rotate>
		<mulrotate>1</mulrotate>
	</drawable>
	<drawable>
		<name>digitpink1.xml</name>
		<arraytype>4</arraytype>
		<centerX>31</centerX>
		<centerY>134</centerY>
	</drawable>
	<drawable>
		<name>digitalx.xml</name>
		<arraytype>3</arraytype>
		<centerX>-28</centerX>
		<centerY>133</centerY>
	</drawable>
	<drawable>
		<name>digityellow1.xml</name>
		<arraytype>14</arraytype>
		<centerX>-9</centerX>
		<centerY>158</centerY>
	</drawable>
<!--COMMENTED BY ClockSkinMaker
<metadata gui='rra' version='1.4.0.0'/>
-->
</clockskin>