<clockskin>
    <drawable>
        <name>image1.png</name>
    </drawable>
    <drawable>
        <name>digital1.xml</name>
        <arraytype>8</arraytype>
        <centerX>-72</centerX>
        <centerY>0</centerY>
    </drawable>
    <drawable>
        <name>digital2.xml</name>
        <arraytype>8</arraytype>
        <centerX>328</centerX>
        <centerY>0</centerY>
    </drawable>
    <drawable>
        <name>digital3.xml</name>
        <arraytype>12</arraytype>
        <centerX>-800</centerX>
        <centerY>126</centerY>
    </drawable>
    <drawable>
        <name>digital4.xml</name>
        <arraytype>12</arraytype>
        <centerX>-400</centerX>
        <centerY>126</centerY>
    </drawable>
    <drawable>
        <name>digital5.xml</name>
        <arraytype>12</arraytype>
        <centerX>0</centerX>
        <centerY>126</centerY>
    </drawable>
    <drawable>
        <name>digital6.xml</name>
        <arraytype>12</arraytype>
        <centerX>400</centerX>
        <centerY>126</centerY>
    </drawable>
    <drawable>
        <name>digital7.xml</name>
        <arraytype>14</arraytype>
        <centerX>0</centerX>
        <centerY>-125</centerY>
    </drawable>
    <drawable>
        <name>digital8.xml</name>
        <arraytype>14</arraytype>
        <centerX>400</centerX>
        <centerY>-125</centerY>
    </drawable>
    <drawable>
        <name>digital9.xml</name>
        <arraytype>14</arraytype>
        <centerX>800</centerX>
        <centerY>-125</centerY>
    </drawable>
    <drawable>
        <name>digital10.xml</name>
        <arraytype>9</arraytype>
        <centerX>-325</centerX>
        <centerY>0</centerY>
    </drawable>
    <drawable>
        <name>digital11.xml</name>
        <arraytype>9</arraytype>
        <centerX>75</centerX>
        <centerY>0</centerY>
    </drawable>
    <drawable>
        <name>image2.png</name>
    </drawable>
    <drawable>
        <name>digital12.xml</name>
        <arraytype>7</arraytype>
        <centerX>-5</centerX>
        <centerY>1</centerY>
    </drawable>
    <drawable>
        <name>image3.png</name>
    </drawable>
    <drawable>
        <name>digital13.xml</name>
        <arraytype>4</arraytype>
        <centerX>-78</centerX>
        <centerY>-128</centerY>
    </drawable>
    <drawable>
        <name>digital14.xml</name>
        <arraytype>4</arraytype>
        <centerX>-77</centerX>
        <centerY>-130</centerY>
    </drawable>
    <drawable>
        <name>digital15.xml</name>
        <arraytype>3</arraytype>
        <centerX>-97</centerX>
        <centerY>-86</centerY>
    </drawable>
    <drawable>
        <name>digital16.xml</name>
        <arraytype>3</arraytype>
        <centerX>-95</centerX>
        <centerY>-87</centerY>
    </drawable>
    <drawable>
        <name>image4.png</name>
    </drawable>
</clockskin>
<!-- Created on WatchFace Designer 0.14.2 beta -->
<!-- Exported for Android 7.1+ Stock ClockSkin Engine -->
