<?xml version="1.0" encoding="utf-8"?>
<drawables>
     <image>animation_1_0.png</image>
     <image>animation_1_1.png</image>
     <image>animation_1_2.png</image>
     <image>animation_1_3.png</image>
     <image>animation_1_4.png</image>
     <image>animation_1_5.png</image>
     <image>animation_1_6.png</image>
     <image>animation_1_7.png</image>
     <image>animation_1_8.png</image>
     <image>animation_1_9.png</image>
     <image>animation_1_10.png</image>
     <image>animation_1_11.png</image>
     <image>animation_1_12.png</image>
     <image>animation_1_13.png</image>
     <image>animation_1_14.png</image>
     <image>animation_1_15.png</image>
     <image>animation_1_16.png</image>
     <image>animation_1_17.png</image>
     <image>animation_1_18.png</image>
     <image>animation_1_19.png</image>
     <image>animation_1_20.png</image>
     <image>animation_1_21.png</image>
     <image>animation_1_22.png</image>
     <image>animation_1_23.png</image>
     <image>animation_2_24.png</image>
     <image>animation_2_25.png</image>
     <image>animation_2_26.png</image>
     <image>animation_2_27.png</image>
     <image>animation_2_28.png</image>
     <image>animation_2_29.png</image>
     <image>animation_2_30.png</image>
     <image>animation_2_31.png</image>
     <image>animation_2_32.png</image>
     <image>animation_2_33.png</image>
     <image>animation_2_34.png</image>
     <image>animation_2_35.png</image>
     <image>animation_2_36.png</image>
     <image>animation_2_37.png</image>
     <image>animation_2_38.png</image>
     <image>animation_2_39.png</image>
     <image>animation_2_40.png</image>
     <image>animation_2_41.png</image>
     <image>animation_2_42.png</image>
     <image>animation_2_43.png</image>
     <image>animation_2_44.png</image>
     <image>animation_2_45.png</image>
     <image>animation_2_46.png</image>
     <image>animation_2_47.png</image>
     <image>animation_2_48.png</image>
     <image>animation_2_49.png</image>
     <image>animation_2_50.png</image>
     <image>animation_2_51.png</image>
     <image>animation_2_52.png</image>
     <image>animation_2_53.png</image>
     <image>animation_2_54.png</image>
     <image>animation_2_55.png</image>
     <image>animation_2_56.png</image>
     <image>animation_2_57.png</image>
     <image>animation_2_58.png</image>
     <image>animation_2_59.png</image>
</drawables>
