<?xml version="1.0" encoding="utf-8"?>
<clockskin>  
        <drawable>
		<name>OUT.xml</name>
		<arraytype>80</arraytype>        
	</drawable>
	<drawable>
		<name>image3.png</name>
	</drawable>
	<drawable>
		<name>image1.png</name>
		<rotate>7</rotate>
		<centerX>-54</centerX>
		<centerY>1</centerY>
	</drawable>
	<drawable>
		<name>image4_1.png</name>
	</drawable>
	<drawable>
		<name>image5_1.png</name>
	</drawable>
	<drawable>
		<name>image6.png</name>
		<rotate>2</rotate>
		<centerX>-57</centerX>
		<centerY>2</centerY>
	</drawable>
	<drawable>
		<name>CANVAS.png</name>
	</drawable>
	<drawable>
		<name>digital8_1.xml</name>
		<arraytype>6</arraytype>
		<centerX>100</centerX>
	</drawable>
	<drawable>
		<name>image4.png</name>
	</drawable>
	<drawable>
		<name>digital15_1.xml</name>
		<arraytype>9</arraytype>
		<centerX>-200</centerX>
	</drawable>
	<drawable>
		<name>digital16.xml</name>
		<arraytype>9</arraytype>
		<centerX>200</centerX>
	</drawable>
	<drawable>
		<name>digital3_1_1.xml</name>
		<arraytype>4</arraytype>
		<centerX>-119</centerX>
		<centerY>-52</centerY>
	</drawable>
	<drawable>
		<name>digital3_2.xml</name>
		<arraytype>4</arraytype>
		<centerX>265</centerX>
		<centerY>-57</centerY>
	</drawable>
	<drawable>
		<name>month.xml</name>
		<arraytype>3</arraytype>
		<centerX>113</centerX>
		<centerY>-44</centerY>
	</drawable>
	<drawable>
		<name>wek.xml</name>
		<arraytype>5</arraytype>
		<centerX>93</centerX>
		<centerY>48</centerY>
	</drawable>
	<drawable>
		<name>digital3_3.xml</name>
		<arraytype>12</arraytype>
		<centerX>485</centerX>
		<centerY>108</centerY>
	</drawable>
	<drawable>
		<name>digital3_4.xml</name>
		<arraytype>12</arraytype>
		<centerX>99</centerX>
		<centerY>105</centerY>
	</drawable>
	<drawable>
		<name>digital3_5.xml</name>
		<arraytype>12</arraytype>
		<centerX>-286</centerX>
		<centerY>101</centerY>
	</drawable>
	<drawable>
		<name>digital3_6.xml</name>
		<arraytype>12</arraytype>
		<centerX>-672</centerX>
		<centerY>97</centerY>
	</drawable>
	<drawable>
		<name>digital8.xml</name>
		<arraytype>12</arraytype>
	</drawable>
	<drawable>
		<name>digital9.xml</name>
		<arraytype>12</arraytype>
		<centerX>400</centerX>
	</drawable>
        <drawable>
		<name>digital3_7.xml</name>
		<arraytype>13</arraytype>
		<centerX>90</centerX>
		<centerY>-108</centerY>
	</drawable>
	<drawable>
		<name>digital3.xml</name>
		<arraytype>13</arraytype>
		<centerX>-296</centerX>
		<centerY>-104</centerY>
	</drawable>
	<drawable>
		<name>image8.png</name>
		<rotate>6</rotate>
		<centerX>-17</centerX>
	</drawable>
        <drawable>
		<name>image9.png</name>
	</drawable>
       <drawable>
        <arraytype>100</arraytype>
        <centerX>-141</centerX>
        <centerY>-71</centerY>
        <range>30</range>
        <cls>com.android.watchweather.MainNewActivity</cls>
        <pkg>com.android.watchweather</pkg>
    </drawable> 
     <drawable>
        <arraytype>100</arraytype>
        <centerX>-141</centerX>
        <centerY>71</centerY>
        <range>30</range>
        <cls>com.google.android.maps.MapsActivity</cls>
        <pkg>com.google.android.apps.maps</pkg>
    </drawable> 
     <drawable>
        <arraytype>100</arraytype>
        <centerX>-161</centerX>
        <centerY>28</centerY>
        <range>35</range>
        <cls>bp.wt.com.androidp_contacts.activity.MainContactsActivity</cls>
        <pkg>com.wiite.dbf.androidp_contacts</pkg>
    </drawable>
    <drawable>
        <arraytype>100</arraytype>
        <centerX>-161</centerX>
        <centerY>-25</centerY>
        <range>40</range>
        <cls>bp.wt.com.androidp_contacts.activity.MainPhoneActivity</cls>
        <pkg>com.wiite.dbf.androidp_contacts</pkg>
    </drawable> 
<!--COMMENTED BY ClockSkinMaker
<metadata gui='rra' version='2.0.0.2'/>
-->
</clockskin>