<?xml version="1.0" encoding="utf-8"?>
<drawables>
	<image>wek_sun.png</image>
	<image>wek_mon.png</image>
	<image>wek_tue.png</image>
	<image>wek_wed.png</image>
	<image>wek_thu.png</image>
	<image>wek_fri.png</image>
	<image>wek_sat.png</image>
<!--COMMENTED BY ClockSkinMaker
<metadata gui='rra' version='2.0.0.2' type='array_weekday' forecolor='C0C0C0' autoscale='1' font='Gadugi' fontstyle='Bold' fontsize='12,72087'>
<content>Sunday</content>
<content>Monday</content>
<content>Tuesday</content>
<content>Wedsday</content>
<content>Thursday</content>
<content>Friday</content>
<content>Saturday</content>
</metadata>
-->
</drawables>