<?xml version="1.0" encoding="utf-8"?>
<clockskin>
	<drawable>
		<name>datebck.png</name>
	</drawable>
	<drawable>
		<name>date.xml</name>
		<arraytype>4</arraytype>
		<centerX>123</centerX>
		<centerY>95</centerY>
	</drawable>
	<drawable>
		<name>date1.xml</name>
		<arraytype>4</arraytype>
		<centerX>81</centerX>
		<centerY>104</centerY>
	</drawable>
	<drawable>
		<name>background.png</name>
	</drawable>
	<drawable>
		<name>small_hour_hand_shadow.png</name>
		<rotate>7</rotate>
		<centerX>-65</centerX>
		<centerY>61</centerY>
	</drawable>
	<drawable>
		<name>small_hour_hand.png</name>
		<rotate>7</rotate>
		<centerX>-66</centerX>
		<centerY>60</centerY>
	</drawable>
	<drawable>
		<name>smal_minute_hand_shadow.png</name>
		<rotate>2</rotate>
		<centerX>-64</centerX>
		<centerY>62</centerY>
	</drawable>
	<drawable>
		<name>smal_minute_hand.png</name>
		<rotate>2</rotate>
		<centerX>-66</centerX>
		<centerY>60</centerY>
	</drawable>
	<drawable>
		<name>battery_hand_shadow.png</name>
		<rotate>6</rotate>
		<centerX>-63</centerX>
		<centerY>-51</centerY>
		<mulrotate>2</mulrotate>
	</drawable>
	<drawable>
		<name>battery_hand.png</name>
		<rotate>6</rotate>
		<centerX>-65</centerX>
		<centerY>-53</centerY>
		<mulrotate>2</mulrotate>
	</drawable>
	<drawable>
		<name>weekdays.xml</name>
		<arraytype>5</arraytype>
		<centerX>88</centerX>
	</drawable>
	<drawable>
		<name>hour_hand_black_shadow.png</name>
		<rotate>1</rotate>
		<centerX>2</centerX>
		<centerY>2</centerY>
	</drawable>
	<drawable>
		<name>hour_hand_white_shadow.png</name>
		<rotate>1</rotate>
		<centerX>-1</centerX>
		<centerY>-1</centerY>
	</drawable>
	<drawable>
		<name>hour_hand.png</name>
		<rotate>1</rotate>
	</drawable>
	<drawable>
		<name>hour_hand_white_part_white_shadow.png</name>
		<rotate>1</rotate>
		<centerX>1</centerX>
		<centerY>1</centerY>
	</drawable>
	<drawable>
		<name>hour_hand_white_part_black_shadow.png</name>
		<rotate>1</rotate>
	</drawable>
	<drawable>
		<name>hour_hand_white_part.png</name>
		<rotate>1</rotate>
	</drawable>
	<drawable>
		<name>minute_hand_white_shadow.png</name>
		<rotate>2</rotate>
		<centerX>-1</centerX>
		<centerY>-1</centerY>
	</drawable>
	<drawable>
		<name>minute_hand_black_shadow.png</name>
		<rotate>2</rotate>
		<centerX>3</centerX>
		<centerY>3</centerY>
	</drawable>
	<drawable>
		<name>minute_hand.png</name>
		<rotate>2</rotate>
	</drawable>
	<drawable>
		<name>minute_hand_white_part_white_shadow.png</name>
		<rotate>2</rotate>
		<centerX>1</centerX>
		<centerY>1</centerY>
	</drawable>
	<drawable>
		<name>minute_hand_white_part_black_shadow.png</name>
		<rotate>2</rotate>
	</drawable>
	<drawable>
		<name>minute_hand_white_part.png</name>
		<rotate>2</rotate>
	</drawable>
	<drawable>
		<name>second_hand_white_shadow.png</name>
		<rotate>3</rotate>
		<centerX>-1</centerX>
		<centerY>-1</centerY>
	</drawable>
	<drawable>
		<name>second_hand_black_shadow.png</name>
		<rotate>3</rotate>
		<centerX>4</centerX>
		<centerY>4</centerY>
	</drawable>
	<drawable>
		<name>second_hand.png</name>
		<rotate>3</rotate>
	</drawable>
	<drawable>
		<name>axe.png</name>
	</drawable>
<!--COMMENTED BY ClockSkinMaker
<metadata gui='rra' version='2.0.0.2'/>
-->
</clockskin>