<?xml version="1.0" encoding="utf-8"?>
<clockskin>
	<drawable>
		<name>back.png</name>
	</drawable>
	<drawable>
		<name>time_spin_2.png</name>
		<rotate>3</rotate>
		<direction>1</direction>
		<mulrotate>3</mulrotate>
	</drawable>
	<drawable>
		<name>time_spin.png</name>
		<rotate>3</rotate>
		<direction>2</direction>
		<mulrotate>2</mulrotate>
	</drawable>
	<drawable>
		<name>back_mask.png</name>
	</drawable>
	<drawable>
		<name>cosmos.png</name>
	</drawable>
	<drawable>
		<name>hour_hand_shadow.png</name>
		<rotate>8</rotate>
		<centerY>4</centerY>
	</drawable>
	<drawable>
		<name>hour_hand.png</name>
		<rotate>1</rotate>
	</drawable>
	<drawable>
		<name>minute_hand_shadow.png</name>
		<rotate>9</rotate>
		<centerY>4</centerY>
	</drawable>
	<drawable>
		<name>minute_hand.png</name>
		<rotate>2</rotate>
	</drawable>
	<drawable>
		<name>cosmic_spin_1.png</name>
		<rotate>3</rotate>
		<centerX>-115</centerX>
		<centerY>-115</centerY>
		<direction>2</direction>
		<mulrotate>1</mulrotate>
	</drawable>
	<drawable>
		<name>cosmic_spin.png</name>
		<rotate>3</rotate>
		<centerX>70</centerX>
		<centerY>70</centerY>
		<direction>2</direction>
		<mulrotate>1</mulrotate>
	</drawable>
	<drawable>
		<name>frame_mask.png</name>
	</drawable>
<!--COMMENTED BY ClockSkinMaker
<metadata gui='rra' version='1.4.8.0'/>
-->
</clockskin>