<?xml version="1.0" encoding="utf-8"?>
<drawables>
	<image>wochentag_sun.png</image>
	<image>wochentag_mon.png</image>
	<image>wochentag_tue.png</image>
	<image>wochentag_wed.png</image>
	<image>wochentag_thu.png</image>
	<image>wochentag_fri.png</image>
	<image>wochentag_sat.png</image>
<!--COMMENTED BY ClockSkinMaker
<metadata gui='rra' version='1.4.0.0' type='array_weekday' autoscale='1' font='Times New Roman' fontstyle='Regular' fontsize='21,67196'>
<content>So</content>
<content>Mo</content>
<content>Di</content>
<content>Mi</content>
<content>Do</content>
<content>Fr</content>
<content>Sa</content>
</metadata>
-->
</drawables>