<?xml version="1.0" encoding="utf-8"?>
<clockskin>
	<drawable>
		<name>clock_skin_panel.png</name>
	</drawable>
	<drawable>
		<name>Date.xml</name>
		<arraytype>4</arraytype>
		<centerX>118</centerX>
		<centerY>1</centerY>
	</drawable>
	<drawable>
		<name>hour_hand_shadow.png</name>
		<rotate>1</rotate>
		<centerX>2</centerX>
		<centerY>2</centerY>
	</drawable>
	<drawable>
		<name>hour_hand.png</name>
		<rotate>1</rotate>
	</drawable>
	<drawable>
		<name>minute_hand_shadow.png</name>
		<rotate>2</rotate>
		<centerX>3</centerX>
		<centerY>3</centerY>
	</drawable>
	<drawable>
		<name>minute_hand.png</name>
		<rotate>2</rotate>
	</drawable>
	<drawable>
		<name>second_hand_shadow.png</name>
		<rotate>3</rotate>
		<centerX>4</centerX>
		<centerY>4</centerY>
	</drawable>
	<drawable>
		<name>second_hand.png</name>
		<rotate>3</rotate>
	</drawable>
<!--COMMENTED BY ClockSkinMaker
<metadata gui='rra' version='2.0.0.2'/>
-->
</clockskin>