<?xml version="1.0" encoding="UTF-8"?>
<DATA>
  <GENERAL>
    <CREATOR>Jacek Klodzinski</CREATOR>
    <FACENAME>CitizenGrandClassic</FACENAME>
    <COMPANY>Citizen</COMPANY>
    <WATCHMODEL>NB0040-58A</WATCHMODEL>
    <REFERENCE></REFERENCE>
    <MOVEMENT></MOVEMENT>
    <SERIAL></SERIAL>
    <YEAR></YEAR>
    <CREDIT>http://www.citizenwatch.com/en-us/watches/watch-detail/?model=NB0040-58A</CREDIT>
    <DOWNLOAD>https://drive.google.com/open?id=0B1inCE3a6ef7OE5UTlZod2ZCNFE</DOWNLOAD>
    <CREATED>2017-08-01</CREATED>
    <DOWNLOADED>2017-08-01</DOWNLOADED>
  </GENERAL>
  <MYDATA>
    <INSTALLED>FALSE</INSTALLED>
    <RANK>0</RANK>
  </MYDATA>
  <DESCRIPTION>
    <TEXT>Consideration to detail articulates the rich character of the Grand Classic Automatic from the Citizen® Signature Collection. Essential features include an exclusively designed and decorated rotor with 24 jewels viewed through an exhibition case back, along with a 42-hour power reserve. This stainless steel watch with 42mm case is 100 meter water resistant and includes a date window, luminous hands, and dual-coated anti-reflective sapphire crystal.</TEXT>
  </DESCRIPTION>
</DATA>
