<clockskin>
    <drawable>
        <name>image1.png</name>
    </drawable>
    <drawable>
        <rotate>1</rotate>
        <direction>1</direction>
        <mulrotate>1</mulrotate>
        <name>image2.png</name>
    </drawable>
    <drawable>
        <rotate>2</rotate>
        <direction>1</direction>
        <mulrotate>1</mulrotate>
        <name>image3.png</name>
    </drawable>
    <drawable>
        <name>image4.png</name>
    </drawable>
    <drawable>
        <rotate>13</rotate>
        <rotatemode>8</rotatemode>
        <startAngle>0</startAngle>
        <angle>150</angle>
        <direction>1</direction>
        <mulrotate>1</mulrotate>
        <name>image5.png</name>
    </drawable>
    <drawable>
        <name>image6.png</name>
    </drawable>
    <drawable>
        <rotate>13</rotate>
        <rotatemode>6</rotatemode>
        <startAngle>0</startAngle>
        <angle>150</angle>
        <direction>2</direction>
        <mulrotate>1</mulrotate>
        <name>image7.png</name>
    </drawable>
    <drawable>
        <name>image8.png</name>
    </drawable>
    <drawable>
        <name>digital1.xml</name>
        <arraytype>4</arraytype>
    </drawable>
    <drawable>
        <name>image9.png</name>
    </drawable>
    <drawable>
        <arraytype>100</arraytype>
        <centerX>133</centerX>
        <centerY>134</centerY>
        <range>40</range>
        <cls>com.cenon.heartrate.HeartRateMonitorActivity</cls>
        <pkg>com.cenon.heartrate</pkg>
    </drawable>
    <drawable>
        <name>image10.png</name>
    </drawable>
    <drawable>
        <arraytype>100</arraytype>
        <centerX>131</centerX>
        <centerY>-135</centerY>
        <range>40</range>
        <cls>com.sprots.wiiteer.fitness.module.main.ui.MainActivity</cls>
        <pkg>com.sprots.wiiteer.fitness</pkg>
    </drawable>
</clockskin>
<!-- Created on WatchFace Designer 0.14.2 beta -->
<!-- Exported for Android 7.1+ Stock ClockSkin Engine -->
