<clockskin>
    <drawable>
        <name>image1.png</name>
    </drawable>
    <!--PowerSaving-->
    <drawable>
	<arraytype>100</arraytype>
	<centerX>-5</centerX>
	<centerY>-97</centerY>
	<range>30</range>
	<cls>com.android.settings.Settings$PowerUsageSummaryActivity</cls>
	<pkg>com.android.settings</pkg>
    </drawable>
       <!--Brightness-->
    <drawable>
	<arraytype>100</arraytype>
	<centerX>-93</centerX>
	<centerY>-97</centerY>
	<range>40</range>
	<cls>com.android.systemui.settings.BrightnessDialog</cls>
	<pkg>com.android.systemui</pkg>
    </drawable>
     <drawable>
        <!--dISTANCE TRAVELLED-->
        <name>digital27.xml</name>
        <arraytype>60</arraytype>
        <centerX>35</centerX>
        <centerY>-40</centerY>
    </drawable>
    <drawable>
	<!--CALORIES BURNT-->
        <name>digital26.xml</name>
        <arraytype>54</arraytype>
        <centerX>-90</centerX>
        <centerY>-40</centerY>
    </drawable>
    <drawable>
        <!--ALARM-->
        <arraytype>100</arraytype>
        <centerX>0</centerX>
        <centerY>0</centerY>
        <range>35</range>
        <cls>com.android.deskclock.DeskClock</cls>
        <pkg>com.android.deskclock</pkg>
    </drawable>
    <drawable>
        <!--PHONE-->
        <arraytype>100</arraytype>
        <centerX>152</centerX>
        <centerY>0</centerY>
        <range>30</range>
        <cls>com.android.dialer.DialtactsWearActivity</cls>
        <pkg>com.android.dialer</pkg>
    </drawable> 	
    <drawable>
        <!--GOOGLE ASSISTANT-->
        <arraytype>100</arraytype>
        <centerX>-111</centerX>
        <centerY>-3</centerY>
        <range>45</range>
        <cls>com.google.android.apps.googleassistant.AssistantActivity</cls>
        <pkg>com.google.android.apps.googleassistant</pkg>
    </drawable>
    <drawable>
    <!--WEATHER-->
        <arraytype>100</arraytype>
        <centerX>150</centerX>
        <centerY>-60</centerY>
        <range>37</range>
        <cls>com.android.watchweather.WeatherActivity</cls>
        <pkg>com.android.watchweather</pkg>
    </drawable>
    <drawable>
    <!--FITNESS-->
    <arraytype>100</arraytype>
    <centerX>-80</centerX>
    <centerY>103</centerY>
    <range>30</range>
    <cls>com.sprots.wiiteer.fitness.module.main.ui.MainActivity</cls>
    <pkg>com.sprots.wiiteer.fitness</pkg>
    </drawable>
    <drawable>
    <!--heart_rate-->
    <arraytype>100</arraytype>
    <centerX>90</centerX>
    <centerY>103</centerY>
    <range>60</range>
    <cls>com.cenon.heartrate.HeartRateMonitorActivity</cls>
    <pkg>com.cenon.heartrate</pkg>
    </drawable>
    <drawable>
        <name>digital1.xml</name>
        <arraytype>7</arraytype>
        <centerX>-69</centerX>
        <centerY>11</centerY>
    </drawable>
    <drawable>
        <name>digital2.xml</name>
        <arraytype>7</arraytype>
        <centerX>-68</centerX>
        <centerY>11</centerY>
    </drawable>
    <drawable>
        <name>digital3.xml</name>
        <arraytype>12</arraytype>
        <centerX>-55</centerX>
        <centerY>93</centerY>
    </drawable>
    <drawable>
        <name>digital4.xml</name>
        <arraytype>12</arraytype>
        <centerX>-55</centerX>
        <centerY>93</centerY>
    </drawable>
    <drawable>
        <name>digital5.xml</name>
        <arraytype>13</arraytype>
        <centerX>69</centerX>
        <centerY>94</centerY>
    </drawable>
    <drawable>
        <name>digital6.xml</name>
        <arraytype>13</arraytype>
        <centerX>69</centerX>
        <centerY>94</centerY>
    </drawable>
    <drawable>
        <name>digital7.xml</name>
        <arraytype>7</arraytype>
        <centerX>29</centerX>
        <centerY>11</centerY>
    </drawable>
    <drawable>
        <name>digital8.xml</name>
        <arraytype>8</arraytype>
        <centerX>28</centerX>
        <centerY>11</centerY>
    </drawable>
    <drawable>
        <name>digital9.xml</name>
        <arraytype>9</arraytype>
        <centerX>89</centerX>
        <centerY>26</centerY>
    </drawable>
    <drawable>
        <name>digital10.xml</name>
        <arraytype>6</arraytype>
        <centerX>89</centerX>
        <centerY>-2</centerY>
    </drawable>
    <drawable>
        <name>image2.png</name>
    </drawable>
    <drawable>
        <name>digital11.xml</name>
        <arraytype>3</arraytype>
        <centerX>17</centerX>
        <centerY>62</centerY>
    </drawable>
    <drawable>
        <name>digital12.xml</name>
        <arraytype>3</arraytype>
        <centerX>17</centerX>
        <centerY>62</centerY>
    </drawable>
    <drawable>
        <name>digital13.xml</name>
        <arraytype>4</arraytype>
        <centerX>-21</centerX>
        <centerY>62</centerY>
    </drawable>
    <drawable>
        <name>digital14.xml</name>
        <arraytype>4</arraytype>
        <centerX>-21</centerX>
        <centerY>62</centerY>
    </drawable>
    <drawable>
        <name>digital15.xml</name>
        <arraytype>3</arraytype>
        <centerX>-68</centerX>
        <centerY>62</centerY>
    </drawable>
    <drawable>
        <name>digital16.xml</name>
        <arraytype>3</arraytype>
        <centerX>-68</centerX>
        <centerY>62</centerY>
    </drawable>
    <drawable>
        <name>digital17.xml</name>
        <arraytype>5</arraytype>
        <centerX>-121</centerX>
        <centerY>62</centerY>
    </drawable>
    <drawable>
        <name>digital18.xml</name>
        <arraytype>5</arraytype>
        <centerX>-121</centerX>
        <centerY>62</centerY>
    </drawable>
    <drawable>
        <name>digital19.xml</name>
        <arraytype>14</arraytype>
        <centerX>106</centerX>
        <centerY>62</centerY>
    </drawable>
    <drawable>
        <name>digital20.xml</name>
        <arraytype>14</arraytype>
        <centerX>106</centerX>
        <centerY>62</centerY>
    </drawable>
    <drawable>
        <name>image3.png</name>
    </drawable>
    <drawable>
        <name>digital21.xml</name>
        <arraytype>19</arraytype>
        <centerX>39</centerX>
        <centerY>-104</centerY>
    </drawable>
    <drawable>
        <name>digital22.xml</name>
        <arraytype>19</arraytype>
        <centerX>39</centerX>
        <centerY>-70</centerY>
    </drawable>
    <drawable>
        <name>digital23.xml</name>
        <arraytype>11</arraytype>
        <centerX>106</centerX>
        <centerY>-65</centerY>
    </drawable>
    <drawable>
        <name>digital24.xml</name>
        <arraytype>10</arraytype>
        <centerX>104</centerX>
        <centerY>-94</centerY>
    </drawable>
    <drawable>
        <name>image4.png</name>
    </drawable>
</clockskin>
