<?xml version="1.0" encoding="utf-8"?>
<drawables>
     <image>digital23_0.png</image>
     <image>digital23_1.png</image>
     <image>digital23_2.png</image>
     <image>digital23_3.png</image>
     <image>digital23_4.png</image>
     <image>digital23_5.png</image>
     <image>digital23_6.png</image>
     <image>digital23_7.png</image>
     <image>digital23_8.png</image>
     <image>digital23_9.png</image>
     <image>digital23_10.png</image>
     <image>digital23_11.png</image>
</drawables>
