<?xml version="1.0" encoding="utf-8"?>
<drawables>
     <image>digital10_0.png</image>
     <image>digital10_0.png</image>
     <image>digital10_0.png</image>
     <image>digital10_0.png</image>
     <image>digital10_0.png</image>
     <image>digital10_0.png</image>
     <image>digital10_0.png</image>
     <image>digital10_0.png</image>
     <image>digital10_0.png</image>
     <image>digital10_0.png</image>
     <image>digital10_0.png</image>
     <image>digital10_11.png</image>
     <image>digital10_12.png</image>
</drawables>
