<?xml version="1.0" encoding="utf-8"?>
<drawables>
     <image>animation_7_0.png</image>
     <image>animation_7_1.png</image>
     <image>animation_7_2.png</image>
     <image>animation_7_3.png</image>
     <image>animation_7_4.png</image>
     <image>animation_7_5.png</image>
     <image>animation_7_6.png</image>
     <image>animation_7_7.png</image>
     <image>animation_7_8.png</image>
     <image>animation_7_9.png</image>
     <image>animation_7_10.png</image>
     <image>animation_7_11.png</image>
     <image>animation_7_12.png</image>
     <image>animation_7_13.png</image>
     <image>animation_7_14.png</image>
     <image>animation_7_15.png</image>
     <image>animation_7_16.png</image>
     <image>animation_7_17.png</image>
     <image>animation_7_18.png</image>
     <image>animation_7_19.png</image>
     <image>animation_7_20.png</image>
     <image>animation_7_21.png</image>
     <image>animation_7_22.png</image>
     <image>animation_7_23.png</image>
     <image>animation_7_24.png</image>
     <image>animation_7_25.png</image>
     <image>animation_7_26.png</image>
     <image>animation_7_27.png</image>
     <image>animation_7_28.png</image>
     <image>animation_7_29.png</image>
     <image>animation_7_30.png</image>
     <image>animation_7_31.png</image>
     <image>animation_7_32.png</image>
     <image>animation_7_33.png</image>
     <image>animation_7_34.png</image>
     <image>animation_7_35.png</image>
     <image>animation_7_36.png</image>
     <image>animation_7_37.png</image>
     <image>animation_7_38.png</image>
     <image>animation_7_39.png</image>
     <image>animation_7_40.png</image>
     <image>animation_7_41.png</image>
     <image>animation_7_42.png</image>
     <image>animation_7_43.png</image>
     <image>animation_7_44.png</image>
     <image>animation_7_45.png</image>
     <image>animation_7_46.png</image>
     <image>animation_7_47.png</image>
     <image>animation_7_48.png</image>
     <image>animation_7_49.png</image>
     <image>animation_7_50.png</image>
     <image>animation_7_51.png</image>
     <image>animation_7_52.png</image>
     <image>animation_7_53.png</image>
     <image>animation_7_54.png</image>
     <image>animation_7_55.png</image>
     <image>animation_7_56.png</image>
     <image>animation_7_57.png</image>
     <image>animation_7_58.png</image>
     <image>animation_7_59.png</image>
     <image>animation_7_60.png</image>
     <image>animation_7_61.png</image>
     <image>animation_7_62.png</image>
     <image>animation_7_63.png</image>
     <image>animation_7_64.png</image>
     <image>animation_7_65.png</image>
     <image>animation_7_66.png</image>
     <image>animation_7_67.png</image>
     <image>animation_7_68.png</image>
     <image>animation_7_69.png</image>
     <image>animation_7_70.png</image>
     <image>animation_7_71.png</image>
     <image>animation_7_72.png</image>
     <image>animation_7_73.png</image>
     <image>animation_7_74.png</image>
     <image>animation_7_75.png</image>
     <image>animation_7_76.png</image>
     <image>animation_7_77.png</image>
     <image>animation_7_78.png</image>
     <image>animation_7_79.png</image>
     <image>animation_7_80.png</image>
     <image>animation_7_81.png</image>
     <image>animation_7_82.png</image>
     <image>animation_7_83.png</image>
     <image>animation_7_84.png</image>
     <image>animation_7_85.png</image>
     <image>animation_7_86.png</image>
     <image>animation_7_87.png</image>
     <image>animation_7_88.png</image>
     <image>animation_7_89.png</image>
     <image>animation_7_90.png</image>
     <image>animation_7_91.png</image>
     <image>animation_7_92.png</image>
     <image>animation_7_93.png</image>
     <image>animation_7_94.png</image>
     <image>animation_7_95.png</image>
     <image>animation_7_96.png</image>
     <image>animation_7_97.png</image>
     <image>animation_7_98.png</image>
     <image>animation_7_99.png</image>
     <image>animation_7_100.png</image>
     <image>animation_7_101.png</image>
     <image>animation_7_102.png</image>
     <image>animation_7_103.png</image>
     <image>animation_7_104.png</image>
     <image>animation_7_105.png</image>
     <image>animation_7_106.png</image>
     <image>animation_7_107.png</image>
     <image>animation_7_108.png</image>
     <image>animation_7_109.png</image>
     <image>animation_7_110.png</image>
     <image>animation_7_111.png</image>
     <image>animation_7_112.png</image>
     <image>animation_7_113.png</image>
     <image>animation_7_114.png</image>
     <image>animation_7_115.png</image>
     <image>animation_7_116.png</image>
     <image>animation_7_117.png</image>
     <image>animation_7_118.png</image>
     <image>animation_7_119.png</image>
</drawables>
