<?xml version="1.0" encoding="utf-8"?>
<drawables>
     <image>animation_12_0.png</image>
     <image>animation_12_0.png</image>
     <image>animation_12_0.png</image>
     <image>animation_12_0.png</image>
     <image>animation_12_0.png</image>
     <image>animation_12_0.png</image>
     <image>animation_8_6.png</image>
     <image>animation_8_6.png</image>
     <image>animation_8_6.png</image>
     <image>animation_8_6.png</image>
     <image>animation_8_6.png</image>
     <image>animation_8_6.png</image>
     <image>animation_8_6.png</image>
     <image>animation_8_6.png</image>
     <image>animation_8_6.png</image>
     <image>animation_8_6.png</image>
     <image>animation_8_6.png</image>
     <image>animation_8_6.png</image>
     <image>animation_12_0.png</image>
     <image>animation_12_0.png</image>
     <image>animation_12_0.png</image>
     <image>animation_12_0.png</image>
     <image>animation_12_0.png</image>
     <image>animation_12_0.png</image>
</drawables>
