<?xml version="1.0" encoding="utf-8"?>
<drawables>
     <image>animation_10_0.png</image>
     <image>animation_10_1.png</image>
     <image>animation_10_2.png</image>
     <image>animation_10_3.png</image>
     <image>animation_10_4.png</image>
     <image>animation_10_5.png</image>
     <image>animation_10_6.png</image>
     <image>animation_10_7.png</image>
     <image>animation_10_8.png</image>
     <image>animation_10_9.png</image>
     <image>animation_10_10.png</image>
     <image>animation_10_11.png</image>
     <image>animation_10_12.png</image>
     <image>animation_10_13.png</image>
     <image>animation_10_14.png</image>
     <image>animation_10_15.png</image>
     <image>animation_10_16.png</image>
     <image>animation_10_17.png</image>
     <image>animation_10_18.png</image>
     <image>animation_10_19.png</image>
     <image>animation_10_20.png</image>
     <image>animation_10_21.png</image>
     <image>animation_10_22.png</image>
     <image>animation_10_23.png</image>
     <image>animation_10_24.png</image>
     <image>animation_10_25.png</image>
     <image>animation_10_26.png</image>
     <image>animation_10_27.png</image>
     <image>animation_10_28.png</image>
     <image>animation_10_29.png</image>
     <image>animation_10_30.png</image>
     <image>animation_10_31.png</image>
     <image>animation_10_32.png</image>
     <image>animation_10_33.png</image>
     <image>animation_10_34.png</image>
     <image>animation_10_35.png</image>
     <image>animation_10_36.png</image>
     <image>animation_10_37.png</image>
     <image>animation_10_38.png</image>
     <image>animation_10_39.png</image>
     <image>animation_10_40.png</image>
     <image>animation_10_41.png</image>
     <image>animation_10_42.png</image>
     <image>animation_10_43.png</image>
     <image>animation_10_44.png</image>
     <image>animation_10_45.png</image>
     <image>animation_10_46.png</image>
     <image>animation_10_47.png</image>
     <image>animation_10_48.png</image>
     <image>animation_10_49.png</image>
     <image>animation_10_50.png</image>
     <image>animation_10_51.png</image>
     <image>animation_10_52.png</image>
     <image>animation_10_53.png</image>
     <image>animation_10_54.png</image>
     <image>animation_10_55.png</image>
     <image>animation_10_56.png</image>
     <image>animation_10_57.png</image>
     <image>animation_10_58.png</image>
     <image>animation_10_59.png</image>
     <image>animation_10_60.png</image>
     <image>animation_10_61.png</image>
     <image>animation_10_62.png</image>
     <image>animation_10_63.png</image>
     <image>animation_10_64.png</image>
     <image>animation_10_65.png</image>
     <image>animation_10_66.png</image>
     <image>animation_10_67.png</image>
     <image>animation_10_68.png</image>
     <image>animation_10_69.png</image>
     <image>animation_10_70.png</image>
     <image>animation_10_71.png</image>
     <image>animation_10_72.png</image>
     <image>animation_10_73.png</image>
     <image>animation_10_74.png</image>
     <image>animation_10_75.png</image>
     <image>animation_10_76.png</image>
     <image>animation_10_77.png</image>
     <image>animation_10_78.png</image>
     <image>animation_10_79.png</image>
     <image>animation_10_80.png</image>
     <image>animation_10_81.png</image>
     <image>animation_10_82.png</image>
     <image>animation_10_83.png</image>
     <image>animation_10_84.png</image>
     <image>animation_10_85.png</image>
     <image>animation_10_86.png</image>
     <image>animation_10_87.png</image>
     <image>animation_10_88.png</image>
     <image>animation_10_89.png</image>
     <image>animation_10_90.png</image>
     <image>animation_10_91.png</image>
     <image>animation_10_92.png</image>
     <image>animation_10_93.png</image>
     <image>animation_10_94.png</image>
     <image>animation_10_95.png</image>
     <image>animation_10_96.png</image>
     <image>animation_10_97.png</image>
     <image>animation_10_98.png</image>
     <image>animation_10_99.png</image>
     <image>animation_10_100.png</image>
     <image>animation_10_101.png</image>
     <image>animation_10_102.png</image>
     <image>animation_10_103.png</image>
     <image>animation_10_104.png</image>
     <image>animation_10_105.png</image>
     <image>animation_10_106.png</image>
     <image>animation_10_107.png</image>
     <image>animation_10_108.png</image>
     <image>animation_10_109.png</image>
     <image>animation_10_110.png</image>
     <image>animation_10_111.png</image>
     <image>animation_10_112.png</image>
     <image>animation_10_113.png</image>
     <image>animation_10_114.png</image>
     <image>animation_10_115.png</image>
     <image>animation_10_116.png</image>
     <image>animation_10_117.png</image>
     <image>animation_10_118.png</image>
     <image>animation_10_119.png</image>
</drawables>
