<clockskin>
    <drawable>
        <name>image1.png</name>
    </drawable>
    <drawable>
        <rotate>3</rotate>
        <direction>2</direction>
        <mulrotate>4</mulrotate>
        <centerX>75</centerX>
        <centerY>101</centerY>
        <name>image2.png</name>
    </drawable>
    <drawable>
        <name>image3.png</name>
    </drawable>
    <drawable>
        <name>animated_image_1.xml</name>
        <framerate>2.00000000000000</framerate>
        <centerX>-7</centerX>
        <centerY>10</centerY>
        <rotate>3</rotate>
        <direction>2</direction>
        <mulrotate>1</mulrotate>
    </drawable>
    <drawable>
        <name>image4.png</name>
    </drawable>
    <drawable>
        <name>animated_image_2.xml</name>
        <framerate>2.00000000000000</framerate>
        <centerX>-7</centerX>
        <centerY>10</centerY>
        <rotate>3</rotate>
        <mulrotate>1</mulrotate>
    </drawable>
    <drawable>
        <name>image5.png</name>
    </drawable>
    <drawable>
        <rotate>3</rotate>
        <direction>2</direction>
        <mulrotate>4</mulrotate>
        <movement>2</movement>
        <centerX>-80</centerX>
        <centerY>-29</centerY>
        <name>image6.png</name>
    </drawable>
    <drawable>
        <rotate>3</rotate>
        <mulrotate>4</mulrotate>
        <movement>2</movement>
        <centerX>-84</centerX>
        <centerY>-34</centerY>
        <name>image7.png</name>
    </drawable>
    <drawable>
        <name>image8.png</name>
    </drawable>
    <drawable>
        <name>digital1.xml</name>
        <arraytype>4</arraytype>
        <centerX>-161</centerX>
        <centerY>-14</centerY>
    </drawable>
    <drawable>
        <name>image9.png</name>
    </drawable>
    <drawable>
        <name>digital2.xml</name>
        <arraytype>4</arraytype>
        <centerX>148</centerX>
        <centerY>-105</centerY>
    </drawable>
    <drawable>
        <name>image10.png</name>
    </drawable>
    <drawable>
        <rotate>2</rotate>
        <mulrotate>1</mulrotate>
        <movement>3</movement>
        <centerX>-87</centerX>
        <centerY>4</centerY>
        <name>image11.png</name>
    </drawable>
    <drawable>
        <rotate>2</rotate>
        <mulrotate>1</mulrotate>
        <movement>3</movement>
        <centerX>-87</centerX>
        <centerY>4</centerY>
        <name>image12.png</name>
    </drawable>
    <drawable>
        <rotate>2</rotate>
        <mulrotate>1</mulrotate>
        <movement>3</movement>
        <centerX>-91</centerX>
        <centerY>0</centerY>
        <name>image13.png</name>
    </drawable>
    <drawable>
        <rotate>2</rotate>
        <mulrotate>1</mulrotate>
        <movement>3</movement>
        <centerX>-91</centerX>
        <centerY>0</centerY>
        <name>image14.png</name>
    </drawable>
    <drawable>
        <name>image15.png</name>
    </drawable>
    <drawable>
        <rotate>3</rotate>
        <direction>2</direction>
        <mulrotate>1</mulrotate>
        <centerX>3</centerX>
        <centerY>91</centerY>
        <name>image16.png</name>
    </drawable>
    <drawable>
        <rotate>3</rotate>
        <mulrotate>1</mulrotate>
        <centerX>3</centerX>
        <centerY>91</centerY>
        <name>image17.png</name>
    </drawable>
    <drawable>
        <rotate>3</rotate>
        <mulrotate>1</mulrotate>
        <centerX>0</centerX>
        <centerY>90</centerY>
        <name>image18.png</name>
    </drawable>
    <drawable>
        <rotate>3</rotate>
        <mulrotate>1</mulrotate>
        <centerX>0</centerX>
        <centerY>90</centerY>
        <name>image19.png</name>
    </drawable>
    <drawable>
        <name>image20.png</name>
    </drawable>
    <drawable>
        <rotate>3</rotate>
        <mulrotate>60</mulrotate>
        <centerX>78</centerX>
        <centerY>0</centerY>
        <name>image21.png</name>
    </drawable>
    <drawable>
        <rotate>3</rotate>
        <mulrotate>60</mulrotate>
        <centerX>78</centerX>
        <centerY>0</centerY>
        <name>image22.png</name>
    </drawable>
    <drawable>
        <rotate>3</rotate>
        <mulrotate>60</mulrotate>
        <centerX>78</centerX>
        <centerY>0</centerY>
        <name>image23.png</name>
    </drawable>
    <drawable>
        <rotate>3</rotate>
        <mulrotate>60</mulrotate>
        <centerX>78</centerX>
        <centerY>0</centerY>
        <name>image24.png</name>
    </drawable>
    <drawable>
        <rotate>3</rotate>
        <mulrotate>60</mulrotate>
        <centerX>78</centerX>
        <centerY>0</centerY>
        <name>image25.png</name>
    </drawable>
    <drawable>
        <rotate>3</rotate>
        <mulrotate>60</mulrotate>
        <centerX>78</centerX>
        <centerY>0</centerY>
        <name>image26.png</name>
    </drawable>
    <drawable>
        <name>image27.png</name>
    </drawable>
    <drawable>
        <name>animated_image_3.xml</name>
        <framerate>0.00027777777778</framerate>
    </drawable>
    <drawable>
        <rotate>1</rotate>
        <mulrotate>1</mulrotate>
        <centerX>4</centerX>
        <centerY>7</centerY>
        <name>image28.png</name>
    </drawable>
    <drawable>
        <name>animated_image_4.xml</name>
        <framerate>0.00277777777778</framerate>
        <rotate>1</rotate>
        <mulrotate>1</mulrotate>
    </drawable>
    <drawable>
        <rotate>1</rotate>
        <mulrotate>1</mulrotate>
        <name>image29.png</name>
    </drawable>
    <drawable>
        <rotate>1</rotate>
        <mulrotate>1</mulrotate>
        <name>image30.png</name>
    </drawable>
    <drawable>
        <name>animated_image_5.xml</name>
        <framerate>0.00027777777778</framerate>
    </drawable>
    <drawable>
        <name>animated_image_6.xml</name>
        <framerate>0.00027777777778</framerate>
        <rotate>1</rotate>
        <mulrotate>1</mulrotate>
    </drawable>
    <drawable>
        <rotate>2</rotate>
        <mulrotate>1</mulrotate>
        <centerX>4</centerX>
        <centerY>7</centerY>
        <name>image31.png</name>
    </drawable>
    <drawable>
        <name>animated_image_7.xml</name>
        <framerate>0.03333333333333</framerate>
        <rotate>2</rotate>
        <mulrotate>1</mulrotate>
    </drawable>
    <drawable>
        <rotate>2</rotate>
        <mulrotate>1</mulrotate>
        <name>image32.png</name>
    </drawable>
    <drawable>
        <rotate>2</rotate>
        <mulrotate>1</mulrotate>
        <name>image33.png</name>
    </drawable>
    <drawable>
        <name>animated_image_8.xml</name>
        <framerate>0.00027777777778</framerate>
        <rotate>2</rotate>
        <mulrotate>1</mulrotate>
    </drawable>
    <drawable>
        <name>animated_image_9.xml</name>
        <framerate>0.00027777777778</framerate>
        <rotate>2</rotate>
        <mulrotate>1</mulrotate>
    </drawable>
    <drawable>
        <rotate>3</rotate>
        <mulrotate>1</mulrotate>
        <movement>4</movement>
        <centerX>7</centerX>
        <centerY>2</centerY>
        <name>image34.png</name>
    </drawable>
    <drawable>
        <name>animated_image_10.xml</name>
        <framerate>2.00000000000000</framerate>
        <rotate>3</rotate>
        <mulrotate>1</mulrotate>
        <movement>4</movement>
    </drawable>
    <drawable>
        <name>animated_image_11.xml</name>
        <framerate>15.00000000000000</framerate>
    </drawable>
    <drawable>
        <name>image35.png</name>
    </drawable>
    <drawable>
        <name>animated_image_12.xml</name>
        <framerate>0.00027777777778</framerate>
        <rotate>3</rotate>
        <mulrotate>1</mulrotate>
        <movement>4</movement>
    </drawable>
    <drawable>
        <name>animated_image_13.xml</name>
        <framerate>15.00000000000000</framerate>
    </drawable>
</clockskin>
