<?xml version="1.0" encoding="UTF-8" standalone="no"?>
<clockskin>
  <drawable>
    <name>clock_skin_tic_0_panel.png</name>
  </drawable>
  
  <drawable>
    <name>clock_skin_tic_0_hour.png</name>
    <rotate>1</rotate>
  </drawable>
  
  <drawable>
    <name>clock_skin_tic_0_minute.png</name>
    <rotate>2</rotate>
  </drawable>
  <drawable>
    <name>clock_skin_tic_0_circle.png</name>
  </drawable>  
  <!-- week-->
  <drawable>
    <name>clock_skin_tic_0_week.png</name>
	<centerY>82</centerY>
	<centerX>0</centerX>
    <rotate>5</rotate>
  </drawable> 



</clockskin>