<?xml version="1.0" encoding="utf-8"?>
<clockskin> 
	<drawable>
		<name>clock_skin_panel.png</name>
	</drawable>
	<drawable>
		<name>hour_minute_array.xml</name>
		<centerY>-60</centerY>
		<arraytype>6</arraytype>
	</drawable>
	<drawable>
		<name>weather_array.xml</name>
		<centerY>84</centerY>
		<arraytype>10</arraytype>
	</drawable>
	<drawable>
		<name>month_array.xml</name>
		<centerX>-25</centerX>
		<centerY>130</centerY>
		<arraytype>3</arraytype>
	</drawable>
	<drawable>
		<name>day_array.xml</name>
		<centerX>25</centerX>
		<centerY>130</centerY>
		<arraytype>4</arraytype>
	</drawable>
	<drawable>
		<centerX>-20</centerX>
		<centerY>-130</centerY>
		<arraytype>99</arraytype>
	</drawable>
</clockskin>

