<?xml version="1.0" encoding="utf-8"?>
<clockskin>
	<drawable>
		<name>image1.png</name>
	</drawable>
	<drawable>
		<name>month_day_array.xml</name>
		<arraytype>1</arraytype>
		<centerY>157</centerY>
	</drawable>
	<drawable>
		<name>battery_array.xml</name>
		<arraytype>14</arraytype>
		<centerX>-14</centerX>
		<centerY>-175</centerY>
	</drawable>
	<drawable>
		<name>hour_minute_array_1.xml</name>
		<arraytype>7</arraytype>
		<centerX>-107</centerX>
		<centerY>12</centerY>
	</drawable>
	<drawable>
		<name>hour_minute_array.xml</name>
		<arraytype>8</arraytype>
		<centerX>103</centerX>
		<centerY>12</centerY>
	</drawable>
<!--COMMENTED BY ClockSkinMaker
<metadata gui='rra' version='1.5.0.0'/>
-->
</clockskin>