<?xml version="1.0" encoding="utf-8"?>
<drawables>
	<image>clock_skin_2_num_0_1.png</image>
	<image>clock_skin_2_num_1_1.png</image>
	<image>clock_skin_2_num_2_1.png</image>
	<image>clock_skin_2_num_3_1.png</image>
	<image>clock_skin_2_num_4_1.png</image>
	<image>clock_skin_2_num_5_1.png</image>
	<image>clock_skin_2_num_6_1.png</image>
	<image>clock_skin_2_num_7_1.png</image>
	<image>clock_skin_2_num_8_1.png</image>
	<image>clock_skin_2_num_9_1.png</image>
	<image>clock_skin_2_num_colon_1.png</image>
</drawables>