<?xml version="1.0" encoding="utf-8"?>
<clockskin>
	<drawable>
		<name>grund.png</name>
	</drawable>
	<drawable>
		<name>jupiter_blend.png</name>
		<centerX>107</centerX>
		<centerY>101</centerY>
	</drawable>
	<drawable>
		<name>saturn.xml</name>
		<arraytype>16</arraytype>
		<centerX>-493</centerX>
		<centerY>101</centerY>
	</drawable>
	<drawable>
		<name>saturn_bl.xml</name>
		<arraytype>16</arraytype>
		<centerX>-93</centerX>
		<centerY>101</centerY>
	</drawable>
	<drawable>
		<name>jupiter_jahr.xml</name>
		<arraytype>16</arraytype>
		<centerX>-493</centerX>
		<centerY>101</centerY>
	</drawable>
	<drawable>
		<name>jupiter_mon.xml</name>
		<arraytype>3</arraytype>
		<centerX>107</centerX>
		<centerY>101</centerY>
	</drawable>
	<drawable>
		<name>mars_jahr.xml</name>
		<arraytype>16</arraytype>
		<centerX>-493</centerX>
		<centerY>101</centerY>
	</drawable>
	<drawable>
		<name>erde.xml</name>
		<arraytype>3</arraytype>
		<centerX>107</centerX>
		<centerY>101</centerY>
	</drawable>
	<drawable>
		<name>sonne.png</name>
		<centerX>107</centerX>
		<centerY>101</centerY>
	</drawable>
	<drawable>
		<name>z_mon_schw.png</name>
		<rotate>4</rotate>
		<centerX>-48</centerX>
		<centerY>131</centerY>
	</drawable>
	<drawable>
		<name>z_mon_weiß.png</name>
		<rotate>4</rotate>
		<centerX>-51</centerX>
		<centerY>128</centerY>
	</drawable>
	<drawable>
		<name>z_mon_grau.png</name>
		<rotate>4</rotate>
		<centerX>-50</centerX>
		<centerY>129</centerY>
	</drawable>
	<drawable>
		<name>z_mon_mitte.png</name>
		<centerX>-50</centerX>
		<centerY>129</centerY>
	</drawable>
	<drawable>
		<name>z_std_schw.png</name>
		<rotate>1</rotate>
		<centerX>2</centerX>
		<centerY>2</centerY>
	</drawable>
	<drawable>
		<name>z_std_weiß.png</name>
		<rotate>1</rotate>
		<centerX>-1</centerX>
		<centerY>-1</centerY>
	</drawable>
	<drawable>
		<name>z_std_grau.png</name>
		<rotate>1</rotate>
	</drawable>
	<drawable>
		<name>z_min_schw.png</name>
		<rotate>2</rotate>
		<centerX>2</centerX>
		<centerY>2</centerY>
	</drawable>
	<drawable>
		<name>z_min_weiß.png</name>
		<rotate>2</rotate>
		<centerX>-1</centerX>
		<centerY>-1</centerY>
	</drawable>
	<drawable>
		<name>z_min_grau.png</name>
		<rotate>2</rotate>
	</drawable>
	<drawable>
		<name>z_sec_schw.png</name>
		<rotate>3</rotate>
		<centerX>2</centerX>
		<centerY>2</centerY>
	</drawable>
	<drawable>
		<name>z_sec_weiß.png</name>
		<rotate>3</rotate>
		<centerX>-1</centerX>
		<centerY>-1</centerY>
	</drawable>
	<drawable>
		<name>z_sec_grau.png</name>
		<rotate>3</rotate>
	</drawable>
	<drawable>
		<name>z_punkt.png</name>
	</drawable>
<!--COMMENTED BY ClockSkinMaker
<metadata gui='rra' version='1.4.0.0'/>
-->
</clockskin>