<?xml version="1.0" encoding="utf-8"?>
<drawables>
	<image>erde_jan.png</image>
	<image>erde_feb.png</image>
	<image>erde_mar.png</image>
	<image>erde_apr.png</image>
	<image>erde_may.png</image>
	<image>erde_jun.png</image>
	<image>erde_jul.png</image>
	<image>erde_aug.png</image>
	<image>erde_sep.png</image>
	<image>erde_oct.png</image>
	<image>erde_nov.png</image>
	<image>erde_dec.png</image>
<!--COMMENTED BY ClockSkinMaker
<metadata gui='rra' version='1.4.0.0' type='array_month' autoscale='1' font='Times New Roman' fontstyle='Regular' fontsize='14,9081'>
<content>Jan</content>
<content>Feb</content>
<content>Mrz</content>
<content>Apr</content>
<content>Mai</content>
<content>Jun</content>
<content>Jul</content>
<content>Aug</content>
<content>Sep</content>
<content>Okt</content>
<content>Nov</content>
<content>Dez</content>
</metadata>
-->
</drawables>