<?xml version="1.0" encoding="utf-8"?>
<clockskin>    
        <drawable>
        <rotate>13</rotate>
        <rotatemode>6</rotatemode>
        <startAngle>300</startAngle>
        <angle>120</angle>
        <direction>1</direction>
        <mulrotate>-2</mulrotate>
        <centerX>0</centerX>
        <centerY>0</centerY>
        <name>image11.png</name>
        </drawable>	
	<drawable>
		<name>ANALOG.png</name>
	</drawable>
	<drawable>
		<name>ANALOG13.png</name>
	</drawable>  
        <drawable>
		<name>digital15.xml</name>
		<arraytype>9</arraytype>
		<centerX>-200</centerX>
	</drawable>
	<drawable>
		<name>digital16.xml</name>
		<arraytype>9</arraytype>
		<centerX>200</centerX>
	</drawable>
	<drawable>
		<name>image7.png</name>
		<rotate>1</rotate>
	</drawable>
	<drawable>
		<name>image8.png</name>
		<rotate>2</rotate>
	</drawable>
	<drawable>
		<name>ANALOG121.png</name>
	</drawable>
	<drawable>
		<name>ura.xml</name>
		<arraytype>7</arraytype>
		<centerX>-43</centerX>
		<centerY>-38</centerY>
	</drawable>
	<drawable>
		<name>min.xml</name>
		<arraytype>8</arraytype>
		<centerX>38</centerX>
		<centerY>-38</centerY>
	</drawable>
	<drawable>
		<name>digital10.xml</name>
		<arraytype>5</arraytype>
	</drawable>
	<drawable>
		<name>kor.xml</name>
		<arraytype>12</arraytype>
		<centerY>80</centerY>
	</drawable>
	<drawable>
		<name>digital11.xml</name>
		<arraytype>10</arraytype>
		<centerX>-25</centerX>
		<centerY>-91</centerY>
	</drawable>
	<drawable>
		<name>digital5.xml</name>
		<arraytype>11</arraytype>
		<centerX>34</centerX>
		<centerY>-91</centerY>
	</drawable>
	<drawable>
		<name>bat.xml</name>
		<arraytype>14</arraytype>
		<centerX>-67</centerX>
		<centerY>37</centerY>
	</drawable>
	<drawable>
		<name>KM.xml</name>
		<arraytype>60</arraytype>
		<centerX>67</centerX>
		<centerY>37</centerY>
	</drawable>	
        <drawable>
		<name>digital8.xml</name>
		<arraytype>12</arraytype>
	</drawable>
	<drawable>
		<name>digital9.xml</name>
		<arraytype>12</arraytype>
		<centerX>400</centerX>
	</drawable>
        <drawable>
		<name>dan.xml</name>
		<arraytype>4</arraytype>
		<centerY>35</centerY>
	</drawable>	
<!--COMMENTED BY ClockSkinMaker
<metadata gui='rra' version='2.0.0.2'/>
-->
</clockskin>