<?xml version="1.0" encoding="utf-8"?>
<clockskin>
	<drawable>
		<name>right_dial.png</name>
		<centerX>118</centerX>
		<centerY>-12</centerY>
	</drawable>
	<drawable>
		<name>battery.xml</name>
		<arraytype>14</arraytype>
		<centerX>262</centerX>
		<centerY>-12</centerY>
	</drawable>
	<drawable>
		<name>second2.xml</name>
		<arraytype>9</arraytype>
		<centerX>-1</centerX>
		<centerY>-12</centerY>
	</drawable>
	<drawable>
		<name>background.png</name>
	</drawable>
	<drawable>
		<name>big.xml</name>
		<arraytype>6</arraytype>
		<centerX>-24</centerX>
		<centerY>74</centerY>
	</drawable>
	<drawable>
		<name>second.xml</name>
		<arraytype>9</arraytype>
		<centerX>82</centerX>
		<centerY>78</centerY>
	</drawable>
	<drawable>
		<name>date.xml</name>
		<arraytype>2</arraytype>
		<centerX>39</centerX>
		<centerY>-82</centerY>
	</drawable>
<!--COMMENTED BY ClockSkinMaker
<metadata gui='rra' version='2.0.0.2'/>
-->
</clockskin>