<clockskin>
    <drawable>
        <name>image1.png</name>
    </drawable>
    <drawable>
        <name>animated_image_1.xml</name>
        <framerate>10.00000000000000</framerate>
        <centerX>67</centerX>
        <centerY>-38</centerY>
    </drawable>
    <drawable>
        <name>animated_image_2.xml</name>
        <framerate>8.00000000000000</framerate>
        <centerX>-112</centerX>
        <centerY>13</centerY>
    </drawable>
    <drawable>
        <name>image2.png</name>
    </drawable>
    <drawable>
        <name>digital1.xml</name>
        <arraytype>6</arraytype>
        <centerX>-45</centerX>
        <centerY>134</centerY>
    </drawable>
    <drawable>
        <name>digital2.xml</name>
        <arraytype>9</arraytype>
        <centerX>140</centerX>
        <centerY>96</centerY>
    </drawable>
    <drawable>
        <name>digital3.xml</name>
        <arraytype>5</arraytype>
        <centerX>-32</centerX>
        <centerY>85</centerY>
    </drawable>
    <drawable>
        <name>digital4.xml</name>
        <arraytype>1</arraytype>
        <centerX>0</centerX>
        <centerY>170</centerY>
    </drawable>
    <drawable>
        <name>digital5.xml</name>
        <arraytype>14</arraytype>
        <centerX>-501</centerX>
        <centerY>20</centerY>
    </drawable>
    <drawable>
        <name>digital5.xml</name>
        <arraytype>14</arraytype>
        <centerX>-109</centerX>
        <centerY>21</centerY>
    </drawable>
    <drawable>
        <name>digital5.xml</name>
        <arraytype>14</arraytype>
        <centerX>282</centerX>
        <centerY>22</centerY>
    </drawable>
    <drawable>
        <name>image3.png</name>
    </drawable>
</clockskin>
