<clockskin>
    <drawable>
        <name>image1.png</name>
    </drawable>
    <drawable>
        <rotate>6</rotate>
        <direction>1</direction>
        <mulrotate>-6</mulrotate>
        <centerX>-11</centerX>
        <centerY>-9</centerY>
        <name>image2.png</name>
    </drawable>
    <drawable>
        <name>image3.png</name>
    </drawable>
    <drawable>
        <rotate>3</rotate>
        <direction>2</direction>
        <mulrotate>40</mulrotate>
        <centerX>40</centerX>
        <centerY>84</centerY>
        <name>image4.png</name>
    </drawable>
    <drawable>
        <rotate>3</rotate>
        <direction>2</direction>
        <mulrotate>40</mulrotate>
        <centerX>40</centerX>
        <centerY>84</centerY>
        <name>image5.png</name>
    </drawable>
    <drawable>
        <rotate>3</rotate>
        <direction>2</direction>
        <mulrotate>1</mulrotate>
        <centerX>40</centerX>
        <centerY>84</centerY>
        <name>image6.png</name>
    </drawable>
    <drawable>
        <rotate>3</rotate>
        <direction>2</direction>
        <mulrotate>1</mulrotate>
        <centerX>-9</centerX>
        <centerY>98</centerY>
        <name>image7.png</name>
    </drawable>
    <drawable>
        <rotate>3</rotate>
        <direction>1</direction>
        <mulrotate>1</mulrotate>
        <centerX>40</centerX>
        <centerY>84</centerY>
        <name>image8.png</name>
    </drawable>
    <drawable>
        <name>image9.png</name>
    </drawable>
    <drawable>
        <rotate>3</rotate>
        <direction>1</direction>
        <mulrotate>1</mulrotate>
        <centerX>40</centerX>
        <centerY>84</centerY>
        <name>image10.png</name>
    </drawable>
    <drawable>
        <rotate>3</rotate>
        <direction>1</direction>
        <mulrotate>1</mulrotate>
        <centerX>40</centerX>
        <centerY>84</centerY>
        <name>image11.png</name>
    </drawable>
    <drawable>
        <rotate>3</rotate>
        <direction>1</direction>
        <mulrotate>1</mulrotate>
        <centerX>40</centerX>
        <centerY>84</centerY>
        <name>image12.png</name>
    </drawable>
    <drawable>
        <rotate>3</rotate>
        <direction>1</direction>
        <mulrotate>1</mulrotate>
        <centerX>40</centerX>
        <centerY>84</centerY>
        <name>image13.png</name>
    </drawable>
    <drawable>
        <rotate>3</rotate>
        <direction>1</direction>
        <mulrotate>1</mulrotate>
        <centerX>40</centerX>
        <centerY>84</centerY>
        <name>image14.png</name>
    </drawable>
    <drawable>
        <name>image15.png</name>
    </drawable>
    <drawable>
        <rotate>4</rotate>
        <direction>1</direction>
        <mulrotate>1</mulrotate>
        <centerX>40</centerX>
        <centerY>84</centerY>
        <name>image16.png</name>
    </drawable>
    <drawable>
        <name>image17.png</name>
    </drawable>
    <drawable>
        <name>digital1.xml</name>
        <arraytype>3</arraytype>
        <centerX>102</centerX>
        <centerY>-122</centerY>
    </drawable>
    <drawable>
        <name>digital2.xml</name>
        <arraytype>16</arraytype>
        <centerX>-605</centerX>
        <centerY>1</centerY>
    </drawable>
    <drawable>
        <name>image18.png</name>
    </drawable>
    <drawable>
        <name>digital3.xml</name>
        <arraytype>5</arraytype>
        <centerX>-124</centerX>
        <centerY>-122</centerY>
    </drawable>
    <drawable>
        <name>image19.png</name>
    </drawable>
    <drawable>
        <rotate>13</rotate>
        <rotatemode>11</rotatemode>
        <startAngle>0</startAngle>
        <angle>360</angle>
        <direction>1</direction>
        <mulrotate>-2</mulrotate>
        <centerX>-11</centerX>
        <centerY>-9</centerY>
        <name>image20.png</name>
    </drawable>
    <drawable>
        <rotate>1</rotate>
        <direction>1</direction>
        <mulrotate>1</mulrotate>
        <centerX>-11</centerX>
        <centerY>-9</centerY>
        <name>image21.png</name>
    </drawable>
    <drawable>
        <rotate>1</rotate>
        <direction>1</direction>
        <mulrotate>1</mulrotate>
        <centerX>-11</centerX>
        <centerY>-9</centerY>
        <name>image22.png</name>
    </drawable>
    <drawable>
        <rotate>2</rotate>
        <direction>1</direction>
        <mulrotate>1</mulrotate>
        <centerX>-11</centerX>
        <centerY>-9</centerY>
        <name>image23.png</name>
    </drawable>
    <drawable>
        <rotate>2</rotate>
        <direction>1</direction>
        <mulrotate>1</mulrotate>
        <centerX>-11</centerX>
        <centerY>-9</centerY>
        <name>image24.png</name>
    </drawable>
    <drawable>
        <rotate>2</rotate>
        <direction>1</direction>
        <mulrotate>1</mulrotate>
        <centerX>-11</centerX>
        <centerY>-9</centerY>
        <name>image25.png</name>
    </drawable>
    <drawable>
        <rotate>2</rotate>
        <direction>1</direction>
        <mulrotate>1</mulrotate>
        <centerX>-11</centerX>
        <centerY>-9</centerY>
        <name>image26.png</name>
    </drawable>
    <drawable>
        <rotate>2</rotate>
        <direction>1</direction>
        <mulrotate>1</mulrotate>
        <centerX>-11</centerX>
        <centerY>-9</centerY>
        <name>image27.png</name>
    </drawable>
    <drawable>
        <name>image28.png</name>
    </drawable>
</clockskin>

