<?xml version="1.0" encoding="utf-8"?>
<clockskin>
	<drawable>
		<name>bg.png</name>
	</drawable>
	<drawable>
		<name>juhua_2.png</name>
		<rotate>3</rotate>
		<startAngle>-213</startAngle>
		<direction>1</direction>
		<mulrotate>11</mulrotate>
	</drawable>
	<drawable>
		<name>juhua_1.png</name>
		<rotate>3</rotate>
		<direction>1</direction>
		<mulrotate>10</mulrotate>
	</drawable>
	<drawable>
		<name>icon_bg_down.png</name>
		<rotate>3</rotate>
		<direction>1</direction>
		<mulrotate>4</mulrotate>
	</drawable>
	<drawable>
		<name>icon_bg_up.png</name>
		<rotate>3</rotate>
		<startAngle>-213</startAngle>
		<direction>1</direction>
		<mulrotate>11</mulrotate>
	</drawable>
	<drawable>
		<name>hour_minute_array.xml</name>
		<arraytype>6</arraytype>
	</drawable>
	<drawable>
		<name>rotate_icon_border.png</name>
	</drawable>
	<drawable>
		<name>array_monthday.xml</name>
		<arraytype>4</arraytype>
		<centerX>38</centerX>
		<centerY>47</centerY>
	</drawable>
	<drawable>
		<name>array_month.xml</name>
		<arraytype>3</arraytype>
		<centerX>-25</centerX>
		<centerY>47</centerY>
	</drawable>
	<drawable>
		<arraytype>99</arraytype>
		<centerX>-25</centerX>
		<centerY>72</centerY>
	</drawable>
<!--COMMENTED BY ClockSkinMaker
<metadata gui='rra' version='1.4.8.0'/>
-->
</clockskin>