<?xml version="1.0" encoding="utf-8"?>
<clockskin>
	<drawable>
		<name>black.png</name>
	</drawable>
	<drawable>
		<name>day.xml</name>
		<arraytype>4</arraytype>
		<centerX>-200</centerX>
	</drawable>
	<drawable>
		<name>deziday.xml</name>
		<arraytype>4</arraytype>
		<centerX>200</centerX>
	</drawable>
	<drawable>
		<name>raster.png</name>
	</drawable>
	<drawable>
		<name>month.xml</name>
		<arraytype>3</arraytype>
	</drawable>
	<drawable>
		<name>second.png</name>
		<rotate>3</rotate>
	</drawable>
	<drawable>
		<name>minute.png</name>
		<rotate>2</rotate>
	</drawable>
	<drawable>
		<name>hour.png</name>
		<rotate>1</rotate>
	</drawable>
<!--COMMENTED BY ClockSkinMaker
<metadata gui='rra' version='1.4.0.0'/>
-->
</clockskin>