<?xml version="1.0" encoding="utf-8"?>
<clockskin>
	<drawable>
		<name>clock_skin_panel.png</name>
	</drawable>
	<drawable>
		<name>Logo Moto guzzi papà.png</name>
		<centerY>-71</centerY>
	</drawable>
	<drawable>
		<name>monthday_array.xml</name>
		<arraytype>2</arraytype>
		<centerX>-89</centerX>
	</drawable>
	<drawable>
		<name>temp_array.xml</name>
		<arraytype>11</arraytype>
		<centerX>115</centerX>
	</drawable>
	<drawable>
		<name>weather_array.xml</name>
		<arraytype>10</arraytype>
		<centerY>40</centerY>
	</drawable>
	<drawable>
		<arraytype>99</arraytype>
		<centerX>-23</centerX>
		<centerY>83</centerY>
	</drawable>
	<drawable>
		<name>heartrate_array.xml</name>
		<arraytype>13</arraytype>
		<centerX>-69</centerX>
		<centerY>40</centerY>
	</drawable>
	<drawable>
		<name>step_array.xml</name>
		<arraytype>18</arraytype>
		<centerX>76</centerX>
		<centerY>40</centerY>
	</drawable>
	<drawable>
		<name>battery_array.xml</name>
		<arraytype>14</arraytype>
		<centerY>129</centerY>
	</drawable>
	<drawable>
		<name>clock_skin_hour.png</name>
		<rotate>1</rotate>
	</drawable>
	<drawable>
		<name>clock_skin_minute.png</name>
		<rotate>2</rotate>
	</drawable>
	<drawable>
		<name>clock_skin_second.png</name>
		<rotate>3</rotate>
	</drawable>
<!--COMMENTED BY ClockSkinMaker
<metadata gui='rra' version='1.4.8.0'/>
-->
</clockskin>