<clockskin>
    <drawable>
        <name>image1.png</name>
    </drawable>
    <drawable>
        <rotate>20</rotate>
        <mulrotate>1</mulrotate>
        <name>image2.png</name>
    </drawable>
    <drawable>
        <name>image3.png</name>
    </drawable>
    <drawable>
        <rotate>7</rotate>
        <mulrotate>1</mulrotate>
        <centerX>0</centerX>
        <centerY>-85</centerY>
        <name>image4.png</name>
    </drawable>
    <drawable>
        <rotate>7</rotate>
        <mulrotate>1</mulrotate>
        <centerX>0</centerX>
        <centerY>-85</centerY>
        <name>image5.png</name>
    </drawable>
    <drawable>
        <name>image6.png</name>
    </drawable>
    <drawable>
        <rotate>1</rotate>
        <mulrotate>1</mulrotate>
        <centerX>0</centerX>
        <centerY>85</centerY>
        <name>image7.png</name>
    </drawable>
    <drawable>
        <rotate>2</rotate>
        <mulrotate>1</mulrotate>
        <centerX>0</centerX>
        <centerY>85</centerY>
        <name>image5.png</name>
    </drawable>
    <drawable>
        <name>image9.png</name>
    </drawable>
    <drawable>
        <rotate>7</rotate>
        <mulrotate>1</mulrotate>
        <centerX>60</centerX>
        <centerY>62</centerY>
        <name>image10.png</name>
    </drawable>
    <drawable>
        <name>image11.png</name>
    </drawable>
    <drawable>
        <rotate>5</rotate>
        <mulrotate>-4</mulrotate>
        <centerX>-83</centerX>
        <centerY>0</centerY>
        <name>image12.png</name>
    </drawable>
    <drawable>
        <rotate>5</rotate>
        <mulrotate>-4</mulrotate>
        <centerX>-83</centerX>
        <centerY>0</centerY>
        <name>image13.png</name>
    </drawable>
    <drawable>
        <name>empty.png</name>
        <rotate>6</rotate>
        <direction>2</direction>
        <mulrotate>-1</mulrotate>
    </drawable>
    <drawable>
        <rotate>6</rotate>
        <mulrotate>-2</mulrotate>
        <centerX>-83</centerX>
        <centerY>0</centerY>
        <name>image14.png</name>
    </drawable>
    <drawable>
        <name>image15.png</name>
    </drawable>
    <drawable>
        <rotate>1</rotate>
        <mulrotate>1</mulrotate>
        <name>image16.png</name>
    </drawable>
    <drawable>
        <rotate>1</rotate>
        <mulrotate>1</mulrotate>
        <name>image17.png</name>
    </drawable>
    <drawable>
        <rotate>1</rotate>
        <mulrotate>1</mulrotate>
        <name>image18.png</name>
    </drawable>
    <drawable>
        <name>image19.png</name>
    </drawable>
    <drawable>
        <rotate>2</rotate>
        <mulrotate>1</mulrotate>
        <name>image20.png</name>
    </drawable>
    <drawable>
        <rotate>2</rotate>
        <mulrotate>1</mulrotate>
        <name>image21.png</name>
    </drawable>
    <drawable>
        <rotate>2</rotate>
        <mulrotate>1</mulrotate>
        <name>image22.png</name>
    </drawable>
    <drawable>
        <name>image23.png</name>
    </drawable>
    <drawable>
        <rotate>3</rotate>
        <mulrotate>1</mulrotate>
        <name>image24.png</name>
    </drawable>
    <drawable>
        <name>image25.png</name>
    </drawable>
    <drawable>
	<arraytype>100</arraytype>
	<centerX>150</centerX>
	<centerY>-45</centerY>
	<range>40</range>
	<cls>com.android.deskclock.DeskClock</cls>
	<pkg>com.android.deskclock</pkg>
    </drawable>
    <drawable>
	<arraytype>100</arraytype>
	<centerX>150</centerX>
	<centerY>50</centerY>
	<range>40</range>
	<cls>com.android.systemui.settings.BrightnessDialog</cls>
	<pkg>com.android.systemui</pkg>
    </drawable>
</clockskin>
