<clockskin>
    <drawable>
        <name>image1.png</name>
    </drawable>
    <drawable>
        <name>digital1.xml</name>
        <arraytype>14</arraytype>
        <centerX>4</centerX>
        <centerY>115</centerY>
    </drawable>
    <drawable>
        <name>digital2.xml</name>
        <arraytype>14</arraytype>
        <centerX>-1</centerX>
        <centerY>118</centerY>
    </drawable>
    <drawable>
        <name>digital3.xml</name>
        <arraytype>14</arraytype>
        <centerX>399</centerX>
        <centerY>118</centerY>
    </drawable>
    <drawable>
        <name>digital4.xml</name>
        <arraytype>14</arraytype>
        <centerX>799</centerX>
        <centerY>118</centerY>
    </drawable>
    <drawable>
        <name>digital5.xml</name>
        <arraytype>13</arraytype>
        <centerX>113</centerX>
        <centerY>-19</centerY>
    </drawable>
    <drawable>
        <name>digital6.xml</name>
        <arraytype>9</arraytype>
        <centerX>-1</centerX>
        <centerY>-82</centerY>
    </drawable>
    <drawable>
        <name>image2.png</name>
    </drawable>
    <drawable>
        <name>digital7.xml</name>
        <arraytype>6</arraytype>
        <centerX>-2</centerX>
        <centerY>-118</centerY>
    </drawable>
    <drawable>
        <name>image3.png</name>
    </drawable>
    <drawable>
        <rotate>13</rotate>
        <rotatemode>5</rotatemode>
        <startAngle>0</startAngle>
        <angle>383</angle>
        <direction>1</direction>
        <mulrotate>1</mulrotate>
        <centerX>-115</centerX>
        <centerY>-2</centerY>
        <name>image4.png</name>
    </drawable>
    <drawable>
        <name>digital8.xml</name>
        <arraytype>9</arraytype>
        <centerX>-202</centerX>
        <centerY>-115</centerY>
    </drawable>
    <drawable>
        <name>digital9.xml</name>
        <arraytype>9</arraytype>
        <centerX>198</centerX>
        <centerY>-115</centerY>
    </drawable>
    <drawable>
        <name>digital10.xml</name>
        <arraytype>12</arraytype>
        <centerX>113</centerX>
        <centerY>32</centerY>
    </drawable>
    <drawable>
        <name>digital11.xml</name>
        <arraytype>11</arraytype>
        <centerX>-125</centerX>
        <centerY>24</centerY>
    </drawable>
    <drawable>
        <name>digital12.xml</name>
        <arraytype>10</arraytype>
        <centerX>-115</centerX>
        <centerY>-15</centerY>
    </drawable>
    <drawable>
        <rotate>3</rotate>
        <direction>1</direction>
        <mulrotate>6</mulrotate>
        <name>image5.png</name>
    </drawable>
    <drawable>
        <name>image6.png</name>
    </drawable>
    <drawable>
        <rotate>3</rotate>
        <direction>1</direction>
        <mulrotate>5</mulrotate>
        <centerX>-1</centerX>
        <centerY>119</centerY>
        <name>image7.png</name>
    </drawable>
    <drawable>
        <rotate>1</rotate>
        <direction>1</direction>
        <mulrotate>1</mulrotate>
        <name>image8.png</name>
    </drawable>
    <drawable>
        <rotate>2</rotate>
        <direction>1</direction>
        <mulrotate>1</mulrotate>
        <name>image9.png</name>
    </drawable>
    <drawable>
        <rotate>3</rotate>
        <direction>1</direction>
        <mulrotate>1</mulrotate>
        <name>image10.png</name>
    </drawable>
    <drawable>
        <name>image11.png</name>
    </drawable>
    <drawable>
        <arraytype>100</arraytype>
        <centerX>-119</centerX>
        <centerY>-122</centerY>
        <range>40</range>
        <cls>com.android.contacts.activities.PeopleActivity</cls>
        <pkg>com.android.contacts</pkg>
    </drawable>
    <drawable>
        <arraytype>100</arraytype>
        <centerX>117</centerX>
        <centerY>-121</centerY>
        <range>40</range>
        <cls>com.android.watchweather.WeatherActivity</cls>
        <pkg>com.android.watchweather</pkg>
    </drawable>
    <drawable>
        <arraytype>100</arraytype>
        <centerX>121</centerX>
        <centerY>118</centerY>
        <range>40</range>
        <cls>com.sprots.wiiteer.fitness.module.main.ui.MainActivity</cls>
        <pkg>com.sprots.wiiteer.fitness</pkg>
    </drawable>
    <drawable>
        <arraytype>100</arraytype>
        <centerX>-114</centerX>
        <centerY>119</centerY>
        <range>40</range>
        <cls>com.android.alarmclock.AlarmClock</cls>
        <pkg>com.wiite.wear.dy.clock</pkg>
    </drawable>
    <drawable>
        <arraytype>100</arraytype>
        <centerX>114</centerX>
        <centerY>-23</centerY>
        <range>40</range>
        <cls>com.wiite.wiite_heartrate.MainActivity</cls>
        <pkg>com.wiite.wiite_heartrate</pkg>
    </drawable>
    <drawable>
        <arraytype>100</arraytype>
        <centerX>-116</centerX>
        <centerY>-5</centerY>
        <range>40</range>
        <cls>com.android.watchweather.WeatherActivity</cls>
        <pkg>com.android.watchweather</pkg>
    </drawable>
    <drawable>
        <arraytype>100</arraytype>
        <centerX>-1</centerX>
        <centerY>-121</centerY>
        <range>40</range>
        <cls>com.wiite.mycalender.MainActivity</cls>
        <pkg>com.wiite.mycalender</pkg>
    </drawable>
    <drawable>
        <name>image12.png</name>
    </drawable>
</clockskin>
<!-- Created on WatchFace Designer 0.14.2 beta -->
<!-- Exported for Android 7.1+ Stock ClockSkin Engine -->
