<?xml version="1.0" encoding="utf-8"?>
<clockskin> 
	<drawable>
		<name>clock_skin_panel.png</name>
	</drawable>
	<drawable>
		<centerX>-20</centerX>
		<centerY>80</centerY>
		<arraytype>99</arraytype>
	</drawable>
	<drawable>
		<name>clock_skin_hour.png</name>
		<rotate>1</rotate>
	</drawable>
	<drawable>
		<name>clock_skin_minute.png</name>
		<rotate>2</rotate>
	</drawable>
	<drawable>
		<name>clock_skin_second.png</name>
		<rotate>3</rotate>
	</drawable>
	<drawable>
		<name>clock_skin_circle.png</name>
	</drawable>
</clockskin>

