<clockskin>
    <drawable>
	<name>image1.xml</name>
	<arraytype>80</arraytype>        
    </drawable>
    <drawable>
        <rotate>13</rotate>
        <rotatemode>6</rotatemode>
        <startAngle>210</startAngle>
        <angle>300</angle>
        <direction>1</direction>
        <mulrotate>1</mulrotate>
        <centerX>0</centerX>
        <centerY>116</centerY>
        <name>image2.png</name>
    </drawable>   
    <drawable>
	<name>image3.xml</name>
	<arraytype>80</arraytype>        
    </drawable>
    <drawable>
        <name>digital1.xml</name>
        <arraytype>4</arraytype>
        <centerX>-255</centerX>
        <centerY>3</centerY>
    </drawable>
    <drawable>
	<name>image4.xml</name>
	<arraytype>80</arraytype>        
    </drawable>
    <drawable>
        <name>digital2.xml</name>
        <arraytype>4</arraytype>
        <centerX>124</centerX>
        <centerY>2</centerY>
    </drawable>
    <drawable>
	<name>image5.xml</name>
	<arraytype>80</arraytype>        
    </drawable>
    <drawable>
         <name>image6.xml</name>
	<arraytype>83</arraytype> 
	<mulrotate>1</mulrotate>
        <centerX>-85</centerX>
        <centerY>38</centerY>
    </drawable>
    <drawable>
         <name>image7.xml</name>
	<arraytype>82</arraytype> 
	<mulrotate>1</mulrotate>
        <centerX>85</centerX>
        <centerY>38</centerY>
    </drawable>
    <drawable>
	<name>image8.xml</name>
	<arraytype>80</arraytype>        
    </drawable>
    <drawable>
         <name>image9.xml</name>
	<arraytype>81</arraytype> 
	<mulrotate>1</mulrotate>
        <centerX>3</centerX>
        <centerY>3</centerY>
    </drawable>
    <drawable>
         <name>image10.xml</name>
	<arraytype>81</arraytype> 
	<mulrotate>1</mulrotate>
    </drawable>
    <drawable>
         <name>image11.xml</name>
	<arraytype>81</arraytype> 
	<mulrotate>1</mulrotate>
        <centerX>1</centerX>
        <centerY>1</centerY>
    </drawable>
    <drawable>
         <name>image12.xml</name>
	<arraytype>81</arraytype> 
	<mulrotate>1</mulrotate>
    </drawable>
    <drawable>
         <name>image13.xml</name>
	<arraytype>82</arraytype> 
	<mulrotate>1</mulrotate>
        <centerX>3</centerX>
        <centerY>3</centerY>
    </drawable>
    <drawable>
         <name>image14.xml</name>
	<arraytype>82</arraytype> 
	<mulrotate>1</mulrotate>
    </drawable>
    <drawable>
         <name>image15.xml</name>
	<arraytype>82</arraytype> 
	<mulrotate>1</mulrotate>
        <centerX>1</centerX>
        <centerY>1</centerY>
    </drawable>
    <drawable>
         <name>image16.xml</name>
	<arraytype>82</arraytype> 
	<mulrotate>1</mulrotate>
    </drawable>
    <drawable>
         <name>image17.xml</name>
	<arraytype>83</arraytype> 
	<mulrotate>1</mulrotate>
        <centerX>2</centerX>
        <centerY>2</centerY>
    </drawable>
    <drawable>
         <name>image18.xml</name>
	<arraytype>83</arraytype> 
	<mulrotate>1</mulrotate>
    </drawable>
    <drawable>
	<name>image19.xml</name>
	<arraytype>80</arraytype>        
    </drawable>
</clockskin>
