<clockskin>
    <drawable>
        <name>image1.png</name>
    </drawable>
    <drawable>
        <rotate>3</rotate>
        <direction>1</direction>
        <mulrotate>4</mulrotate>
        <centerX>0</centerX>
        <centerY>789</centerY>
        <name>image2.png</name>
    </drawable>
    <drawable>
        <rotate>3</rotate>
        <direction>1</direction>
        <mulrotate>4</mulrotate>
        <centerX>0</centerX>
        <centerY>789</centerY>
        <name>image3.png</name>
    </drawable>
    <drawable>
        <name>image4.png</name>
    </drawable>
    <drawable>
        <name>digital1.xml</name>
        <arraytype>14</arraytype>
        <centerX>400</centerX>
        <centerY>161</centerY>
    </drawable>
    <drawable>
        <name>digital2.xml</name>
        <arraytype>14</arraytype>
        <centerX>800</centerX>
        <centerY>161</centerY>
    </drawable>
    <drawable>
        <name>image5.png</name>
    </drawable>
    <drawable>
        <name>digital3.xml</name>
        <arraytype>14</arraytype>
        <centerX>15</centerX>
        <centerY>160</centerY>
    </drawable>
    <drawable>
        <name>image6.png</name>
    </drawable>
    <drawable>
        <name>digital4.xml</name>
        <arraytype>7</arraytype>
        <centerX>-87</centerX>
        <centerY>-101</centerY>
    </drawable>
    <drawable>
        <name>digital5.xml</name>
        <arraytype>8</arraytype>
        <centerX>-9</centerX>
        <centerY>-101</centerY>
    </drawable>
    <drawable>
        <name>digital6.xml</name>
        <arraytype>9</arraytype>
        <centerX>79</centerX>
        <centerY>-101</centerY>
    </drawable>
    <drawable>
        <name>image7.png</name>
    </drawable>
    <drawable>
        <name>digital7.xml</name>
        <arraytype>5</arraytype>
        <centerX>-47</centerX>
        <centerY>-148</centerY>
    </drawable>
    <drawable>
        <name>digital8.xml</name>
        <arraytype>4</arraytype>
        <centerX>0</centerX>
        <centerY>-148</centerY>
    </drawable>
    <drawable>
        <name>digital9.xml</name>
        <arraytype>3</arraytype>
        <centerX>48</centerX>
        <centerY>-148</centerY>
    </drawable>
    <drawable>
        <name>image8.png</name>
    </drawable>
    <drawable>
        <name>digital10.xml</name>
        <arraytype>12</arraytype>
        <centerX>-54</centerX>
        <centerY>83</centerY>
    </drawable>
    <drawable>
        <name>digital11.xml</name>
        <arraytype>60</arraytype>
        <centerX>64</centerX>
        <centerY>83</centerY>
    </drawable>
    <drawable>
        <name>digital12.xml</name>
        <arraytype>13</arraytype>
        <centerX>-54</centerX>
        <centerY>120</centerY>
    </drawable>
    <drawable>
        <name>digital13.xml</name>
        <arraytype>10</arraytype>
        <centerX>41</centerX>
        <centerY>119</centerY>
    </drawable>
    <drawable>
        <name>digital14.xml</name>
        <arraytype>11</arraytype>
        <centerX>90</centerX>
        <centerY>120</centerY>
    </drawable>
    <drawable>
        <name>image9.png</name>
    </drawable>
</clockskin>
<!-- Created on WatchFace Designer 0.14.2 beta -->
<!-- Exported for Android 7.1+ Stock ClockSkin Engine -->
