<clockskin>
    <drawable>
        <name>image1.png</name>
    </drawable>
    <drawable>
        <name>digital1.xml</name>
        <arraytype>17</arraytype>
        <centerX>0</centerX>
        <centerY>-156</centerY>
    </drawable>
    <drawable>
        <name>digital2.xml</name>
        <arraytype>19</arraytype>
        <centerX>0</centerX>
        <centerY>-77</centerY>
    </drawable>
    <drawable>
        <name>digital3.xml</name>
        <arraytype>101</arraytype>
        <centerX>0</centerX>
        <centerY>-2</centerY>
    </drawable>
    <drawable>
        <name>digital4.xml</name>
        <arraytype>51</arraytype>
        <centerX>0</centerX>
        <centerY>80</centerY>
    </drawable>
    <drawable>
        <name>digital5.xml</name>
        <arraytype>55</arraytype>
        <centerX>0</centerX>
        <centerY>161</centerY>
    </drawable>
</clockskin>
