<WatchFaceDesign width="400" height="400" round="true">
<RectangularLayer>
<type>Rectangle</type>
<name></name>
<center>200.0; 200.0</center>
<middle>201.0; 201.0</middle>
<effects>
</effects>
<autoRotation>NONE</autoRotation>
<autoRotationDirection>CLOCKWISE</autoRotationDirection>
<autoRotationMultiplier>1</autoRotationMultiplier>
<autoRotationMovement>SMOOTH</autoRotationMovement>
<opacity>1.0</opacity>
<enabled>yes</enabled>
<delay>0</delay>
<hourFormat>WATCH_SETTINGS</hourFormat>
<autoRotationAngleSpan>360</autoRotationAngleSpan>
<width>400.0</width>
<height>400.0</height>
<rotation>0.0</rotation>
<cornerRadius>0.0</cornerRadius>
<fillStyle>
<paintStyle>SOLID</paintStyle>
<colorPoints>
<point>
<position>0.0</position>
<color>#ff000000</color>
</point>
<point>
<position>1.0</position>
<color>#ff000000</color>
</point>
</colorPoints>
<angle>0.0</angle>
<offsetX>0.0</offsetX>
<offsetY>0.0</offsetY>
<relativeTo>CENTER_OF_LAYER</relativeTo>
<textureScale>1.0</textureScale>
</fillStyle>
<strokeStyle>
<paintStyle>SOLID</paintStyle>
<colorPoints>
<point>
<position>0.0</position>
<color>#ff000000</color>
</point>
<point>
<position>1.0</position>
<color>#ff000000</color>
</point>
</colorPoints>
<angle>0.0</angle>
<offsetX>0.0</offsetX>
<offsetY>0.0</offsetY>
<relativeTo>CENTER_OF_LAYER</relativeTo>
<textureScale>1.0</textureScale>
</strokeStyle>
<thickness>0.0</thickness>
</RectangularLayer>
</WatchFaceDesign>
