<clockskin>
    <drawable>
        <name>image1.png</name>
    </drawable>
    <drawable>
        <name>digital1.xml</name>
        <arraytype>8</arraytype>
        <centerX>-200</centerX>
        <centerY>-122</centerY>
    </drawable>
    <drawable>
        <name>animated_image_1.xml</name>
        <framerate>0.00027777777778</framerate>
        <centerX>0</centerX>
        <centerY>15</centerY>
    </drawable>
    <drawable>
        <name>animated_image_2.xml</name>
        <framerate>0.01666666666667</framerate>
        <centerX>0</centerX>
        <centerY>135</centerY>
    </drawable>
</clockskin>
