<?xml version="1.0" encoding="utf-8"?>
<clockskin>
	<drawable>
		<name>clock_skin_panel.png</name>
	</drawable>
	<drawable>
		<name>HUD11.png</name>
		<rotate>3</rotate>
		<direction>2</direction>
		<mulrotate>3</mulrotate>
	</drawable>
	<drawable>
		<name>HUD1.png</name>
		<rotate>3</rotate>
		<direction>2</direction>
		<mulrotate>6</mulrotate>
	</drawable>
	<drawable>
		<name>HUD2.png</name>
		<rotate>3</rotate>
		<direction>2</direction>
		<mulrotate>4</mulrotate>
	</drawable>
	<drawable>
		<name>HUD3.png</name>
		<rotate>3</rotate>
		<direction>2</direction>
		<mulrotate>3</mulrotate>
	</drawable>
	<drawable>
		<name>HUD4.png</name>
		<rotate>3</rotate>
		<direction>1</direction>
		<mulrotate>2</mulrotate>
	</drawable>
	<drawable>
		<name>HUD6.png</name>
		<rotate>3</rotate>
		<mulrotate>5</mulrotate>
	</drawable>
	<drawable>
		<name>HUD5.png</name>
		<rotate>3</rotate>
		<mulrotate>3</mulrotate>
	</drawable>
	<drawable>
		<name>clock_skin_minute.png</name>
		<rotate>2</rotate>
	</drawable>
	<drawable>
		<name>clock_skin_hour.png</name>
		<rotate>1</rotate>
	</drawable>
	<drawable>
		<name>clock_skin_second.png</name>
		<rotate>3</rotate>
	</drawable>
	<drawable>
		<name>HUD7.png</name>
		<rotate>3</rotate>
		<mulrotate>2</mulrotate>
	</drawable>
	<drawable>
		<arraytype>99</arraytype>
		<centerX>-20</centerX>
		<centerY>151</centerY>
	</drawable>
	<drawable>
		<name>HUD8.png</name>
		<rotate>3</rotate>
		<mulrotate>3</mulrotate>
	</drawable>
	<drawable>
		<name>HUD9.png</name>
		<rotate>3</rotate>
		<direction>2</direction>
		<mulrotate>4</mulrotate>
	</drawable>
	<drawable>
		<name>HUD10.png</name>
		<rotate>3</rotate>
		<direction>1</direction>
		<mulrotate>2</mulrotate>
	</drawable>
	<drawable>
		<name>sec_frame.png</name>
	</drawable>
	<drawable>
		<name>time_array.xml</name>
		<arraytype>9</arraytype>
	</drawable>
<!--COMMENTED BY ClockSkinMaker
<metadata gui='rra' version='1.2.1.0'/>
-->
</clockskin>