<?xml version="1.0" encoding="utf-8"?>
<drawables>
     <image>animation_1_0.png</image>
     <image>animation_1_1.png</image>
     <image>animation_1_2.png</image>
     <image>animation_1_3.png</image>
     <image>animation_1_4.png</image>
     <image>animation_1_5.png</image>
     <image>animation_1_6.png</image>
     <image>animation_1_7.png</image>
     <image>animation_1_8.png</image>
     <image>animation_1_9.png</image>
     <image>animation_1_10.png</image>
     <image>animation_1_11.png</image>
     <image>animation_1_12.png</image>
     <image>animation_1_13.png</image>
     <image>animation_1_14.png</image>
     <image>animation_1_15.png</image>
     <image>animation_1_16.png</image>
     <image>animation_1_17.png</image>
     <image>animation_1_18.png</image>
     <image>animation_1_19.png</image>
     <image>animation_1_20.png</image>
     <image>animation_1_21.png</image>
     <image>animation_1_22.png</image>
     <image>animation_1_23.png</image>
     <image>animation_1_24.png</image>
     <image>animation_1_25.png</image>
     <image>animation_1_26.png</image>
     <image>animation_1_27.png</image>
     <image>animation_1_28.png</image>
     <image>animation_1_29.png</image>
     <image>animation_1_30.png</image>
</drawables>
