<clockskin>
    <drawable>
        <name>digital1.xml</name>
        <arraytype>9</arraytype>
        <centerX>-200</centerX>
        <centerY>0</centerY>
    </drawable>
    <drawable>
        <name>digital2.xml</name>
        <arraytype>9</arraytype>
        <centerX>200</centerX>
        <centerY>0</centerY>
    </drawable>
    <drawable>
        <name>digital3.xml</name>
        <arraytype>14</arraytype>
        <centerX>-463</centerX>
        <centerY>-107</centerY>
    </drawable>
    <drawable>
        <name>digital4.xml</name>
        <arraytype>14</arraytype>
        <centerX>-63</centerX>
        <centerY>-107</centerY>
    </drawable>
    <drawable>
        <name>digital5.xml</name>
        <arraytype>14</arraytype>
        <centerX>337</centerX>
        <centerY>-107</centerY>
    </drawable>
    <drawable>
        <name>image1.png</name>
    </drawable>
    <drawable>
        <name>digital6.xml</name>
        <arraytype>6</arraytype>
        <centerX>-2</centerX>
        <centerY>2</centerY>
    </drawable>
    <drawable>
        <name>digital7.xml</name>
        <arraytype>9</arraytype>
        <centerX>96</centerX>
        <centerY>84</centerY>
    </drawable>
    <drawable>
        <name>digital8.xml</name>
        <arraytype>13</arraytype>
        <centerX>0</centerX>
        <centerY>90</centerY>
    </drawable>
    <drawable>
        <name>digital9.xml</name>
        <arraytype>14</arraytype>
        <centerX>-69</centerX>
        <centerY>-111</centerY>
    </drawable>
    <drawable>
        <name>digital10.xml</name>
        <arraytype>11</arraytype>
        <centerX>-92</centerX>
        <centerY>90</centerY>
    </drawable>
    <drawable>
        <name>digital11.xml</name>
        <arraytype>12</arraytype>
        <centerX>0</centerX>
        <centerY>152</centerY>
    </drawable>
    <drawable>
        <name>digital12.xml</name>
        <arraytype>5</arraytype>
        <centerX>61</centerX>
        <centerY>-133</centerY>
    </drawable>
    <drawable>
        <name>digital13.xml</name>
        <arraytype>2</arraytype>
        <centerX>80</centerX>
        <centerY>-77</centerY>
    </drawable>
    <drawable>
        <name>image2.png</name>
    </drawable>
</clockskin>
