<?xml version="1.0" encoding="UTF-8" standalone="no"?>
<clockskin>
  <drawable>
    <name>skinclockdigitalone_1_plan.png</name>
  </drawable>
  
  <drawable>
    <name>skinclockdigitalone_1_hour.png</name>
    <rotate>1</rotate>
  </drawable>
  
  <drawable>
    <name>skinclockdigitalone_1_minute.png</name>
    <rotate>2</rotate>
  </drawable>
  
  <drawable>
    <name>skinclockdigitalone_1_second.png</name>
    <rotate>3</rotate>
  </drawable> 

  <!-- hour small-->
  <drawable>
    <name>skinclockdigitalone_1_month.png</name>
	<centerY>0</centerY>
	<centerX>85</centerX>
    <rotate>1</rotate>
  </drawable> 

  <!-- second small-->
  <drawable>
    <name>skinclockdigitalone_1_month.png</name>
	<centerX>-85</centerX>
    <rotate>3</rotate>
  </drawable> 
  

</clockskin>