<?xml version="1.0" encoding="utf-8"?>
<clockskin> 
        <drawable>
		<name>OUT.xml</name>
		<arraytype>80</arraytype>        
	</drawable>
	<drawable>
		<name>digital4.xml</name>
		<arraytype>9</arraytype>
		<centerX>-200</centerX>
	</drawable>
	<drawable>
		<name>digital5.xml</name>
		<arraytype>9</arraytype>
		<centerX>200</centerX>
	</drawable>
	<drawable>
		<name>VW – 1.png</name>
	</drawable>
	<drawable>
		<name>kor.xml</name>
		<arraytype>12</arraytype>
		<centerX>1</centerX>
		<centerY>103</centerY>
	</drawable>
	<drawable>
		<name>dan.xml</name>
		<arraytype>4</arraytype>
		<centerX>122</centerX>
		<centerY>-15</centerY>
	</drawable>
	<drawable>
		<name>bat.xml</name>
		<arraytype>14</arraytype>
		<centerX>-107</centerX>
	</drawable>
	<drawable>
		<name>stepssssssss.png</name>
		<centerY>69</centerY>
	</drawable>
	<drawable>
		<name>mes.xml</name>
		<arraytype>3</arraytype>
		<centerX>54</centerX>
		<centerY>-15</centerY>
	</drawable>
	<drawable>
		<name>ura.xml</name>
		<arraytype>6</arraytype>
		<centerY>-93</centerY>
	</drawable>
	<drawable>
		<name>KM.xml</name>
		<arraytype>60</arraytype>
		<centerX>-72</centerX>
		<centerY>64</centerY>
	</drawable>
	<drawable>
		<name>digital8.xml</name>
		<arraytype>12</arraytype>
	</drawable>
	<drawable>
		<name>digital9.xml</name>
		<arraytype>12</arraytype>
		<centerX>400</centerX>
	</drawable>
	<drawable>
		<name>digital1.xml</name>
		<arraytype>61</arraytype>
	</drawable>
	<drawable>
		<name>image4h.png</name>
		<rotate>1</rotate>
	</drawable>
	<drawable>
		<name>image5m.png</name>
		<rotate>2</rotate>
	</drawable>
	<drawable>
		<name>image6s.png</name>
		<rotate>3</rotate>
	</drawable>
<!--COMMENTED BY ClockSkinMaker
<metadata gui='rra' version='2.0.0.2'/>
-->
</clockskin>