<?xml version="1.0" encoding="utf-8"?>
<clockskin>
	<drawable>
		<name>background.png</name>
	</drawable>
	<drawable>
		<name>small_hand_shadow.png</name>
		<rotate>3</rotate>
		<centerX>86</centerX>
		<centerY>-7</centerY>
	</drawable>
	<drawable>
		<name>small_hand.png</name>
		<rotate>3</rotate>
		<centerX>83</centerX>
		<centerY>-10</centerY>
	</drawable>
	<drawable>
		<name>small_hand1_shadow.png</name>
		<rotate>7</rotate>
		<centerX>-80</centerX>
		<centerY>-7</centerY>
	</drawable>
	<drawable>
		<name>small_hand1.png</name>
		<rotate>7</rotate>
		<centerX>-83</centerX>
		<centerY>-10</centerY>
	</drawable>
	<drawable>
		<name>battery_hand_shadow.png</name>
		<rotate>6</rotate>
		<centerX>3</centerX>
		<centerY>93</centerY>
		<mulrotate>2</mulrotate>
	</drawable>
	<drawable>
		<name>battery_hand.png</name>
		<rotate>6</rotate>
		<centerX>-1</centerX>
		<centerY>90</centerY>
		<mulrotate>2</mulrotate>
	</drawable>
	<drawable>
		<name>hour_hand_shadow.png</name>
		<rotate>1</rotate>
		<centerX>3</centerX>
		<centerY>3</centerY>
	</drawable>
	<drawable>
		<name>hour_hand.png</name>
		<rotate>1</rotate>
	</drawable>
	<drawable>
		<name>minute_hand_shadow.png</name>
		<rotate>2</rotate>
		<centerX>5</centerX>
		<centerY>5</centerY>
	</drawable>
	<drawable>
		<name>minute_hand.png</name>
		<rotate>2</rotate>
	</drawable>
<!--COMMENTED BY ClockSkinMaker
<metadata gui='rra' version='2.0.0.2'/>
-->
</clockskin>