<?xml version="1.0" encoding="UTF-8"?>
<DATA>
  <GENERAL>
    <CREATOR>Jacek Klodzinski</CREATOR>
    <FACENAME>BulovaCurv</FACENAME>
    <COMPANY>Bulova</COMPANY>
    <WATCHMODEL>98A162</WATCHMODEL>
    <REFERENCE></REFERENCE>
    <MOVEMENT></MOVEMENT>
    <SERIAL></SERIAL>
    <YEAR></YEAR>
    <CREDIT></CREDIT>
    <DOWNLOAD></DOWNLOAD>
    <CREATED>2017-08-22</CREATED>
    <DOWNLOADED>2017-01-01</DOWNLOADED>
  </GENERAL>
  <MYDATA>
    <INSTALLED>FALSE</INSTALLED>
    <RANK>0</RANK>
  </MYDATA>
  <DESCRIPTION>
    <TEXT></TEXT>
  </DESCRIPTION>
</DATA>
