<?xml version="1.0" encoding="utf-8"?>
<clockskin>
	<drawable>
		<name>gif_array.xml</name>
		<arraytype>9</arraytype>
		<centerX>-167</centerX>
		<centerY>-59</centerY>
	</drawable>
	<drawable>
		<name>.img705.png</name>
		<centerX>14</centerX>
		<centerY>-1</centerY>
	</drawable>
	<drawable>
		<name>hour1.xml</name>
		<arraytype>6</arraytype>
		<centerX>3</centerX>
		<centerY>146</centerY>
	</drawable>
	<drawable>
		<name>weekday.xml</name>
		<arraytype>5</arraytype>
		<centerX>-63</centerX>
		<centerY>90</centerY>
	</drawable>
	<drawable>
		<name>date.xml</name>
		<arraytype>4</arraytype>
		<centerX>7</centerX>
		<centerY>90</centerY>
	</drawable>
	<drawable>
		<name>mont.xml</name>
		<arraytype>3</arraytype>
		<centerX>72</centerX>
		<centerY>90</centerY>
	</drawable>
<!--COMMENTED BY ClockSkinMaker
<metadata gui='rra' version='1.4.8.0'/>
-->
</clockskin>