<?xml version="1.0" encoding="utf-8"?>
<drawables>
	<image>cat1.png</image>
	<image>cat2.png</image>
	<image>cat3.png</image>
	<image>cat4.png</image>
	<image>cat5.png</image>
	<image>cat6.png</image>
	<image>cat7.png</image>
	<image>cat8.png</image>
	<image>cat9.png</image>
	<image>cat10.png</image>
<!--COMMENTED BY ClockSkinMaker
<metadata gui='rra' version='1.4.8.0' type='array_second' autoscale='1' font='Times New Roman' fontstyle='Regular' fontsize='21,59579'>
<content>0</content>
<content>1</content>
<content>2</content>
<content>3</content>
<content>4</content>
<content>5</content>
<content>6</content>
<content>7</content>
<content>8</content>
<content>9</content>
<content>:</content>
</metadata>
-->
</drawables>