<?xml version="1.0" encoding="utf-8"?>
<drawables>
	<image>mont_jan.png</image>
	<image>mont_feb.png</image>
	<image>mont_mar.png</image>
	<image>mont_apr.png</image>
	<image>mont_may.png</image>
	<image>mont_jun.png</image>
	<image>mont_jul.png</image>
	<image>mont_aug.png</image>
	<image>mont_sep.png</image>
	<image>mont_oct.png</image>
	<image>mont_nov.png</image>
	<image>mont_dec.png</image>
<!--COMMENTED BY ClockSkinMaker
<metadata gui='rra' version='1.4.8.0' type='array_month' forecolor='FF0000' autoscale='1' font='Cafe Nero M54' fontstyle='Bold' fontsize='28,76944'>
<content>jan</content>
<content>feb</content>
<content>mar</content>
<content>apr</content>
<content>may</content>
<content>jun</content>
<content>jul</content>
<content>aug</content>
<content>sep</content>
<content>oct</content>
<content>nov</content>
<content>dec</content>
</metadata>
-->
</drawables>