<?xml version="1.0" encoding="utf-8"?>
<drawables>
	<image>weekday_sun.png</image>
	<image>weekday_mon.png</image>
	<image>weekday_tue.png</image>
	<image>weekday_wed.png</image>
	<image>weekday_thu.png</image>
	<image>weekday_fri.png</image>
	<image>weekday_sat.png</image>
<!--COMMENTED BY ClockSkinMaker
<metadata gui='rra' version='1.4.8.0' type='array_weekday' forecolor='FF0000' autoscale='1' font='Cafe Nero M54' fontstyle='Bold' fontsize='28,76944'>
<content>sun</content>
<content>mon</content>
<content>tue</content>
<content>wed</content>
<content>thu</content>
<content>fri</content>
<content>sat</content>
</metadata>
-->
</drawables>