<?xml version="1.0" encoding="utf-8"?>
<clockskin>
	<drawable>
		<name>image2.png</name>
	</drawable>
	<drawable>
		<name>background.png</name>
	</drawable>
	<drawable>
		<name>digital1.xml</name>
		<arraytype>4</arraytype>
		<centerX>1</centerX>
		<centerY>-103</centerY>
	</drawable>
	<drawable>
		<name>little hand-sh.png</name>
		<rotate>6</rotate>
		<centerX>2</centerX>
		<centerY>94</centerY>
		<mulrotate>2</mulrotate>
	</drawable>
	<drawable>
		<name>little hand.png</name>
		<rotate>6</rotate>
		<centerY>92</centerY>
		<mulrotate>2</mulrotate>
	</drawable>
	<drawable>
		<name>hour-sh.png</name>
		<rotate>1</rotate>
		<centerX>3</centerX>
		<centerY>3</centerY>
	</drawable>
	<drawable>
		<name>hour.png</name>
		<rotate>1</rotate>
	</drawable>
	<drawable>
		<name>minute-sh.png</name>
		<rotate>2</rotate>
		<centerX>4</centerX>
		<centerY>4</centerY>
	</drawable>
	<drawable>
		<name>second-sh.png</name>
		<rotate>3</rotate>
		<centerX>6</centerX>
		<centerY>6</centerY>
	</drawable>
	<drawable>
		<name>minute.png</name>
		<rotate>2</rotate>
	</drawable>
	<drawable>
		<name>second.png</name>
		<rotate>3</rotate>
	</drawable>
	<drawable>
		<name>shadow.png</name>
	</drawable>
<!--COMMENTED BY ClockSkinMaker
<metadata gui='rra' version='2.0.0.2'/>
-->
</clockskin>