<clockskin>
    <drawable>
        <name>image1.png</name>
    </drawable>
    <drawable>
        <rotate>5</rotate>
        <direction>2</direction>
        <mulrotate>1</mulrotate>
        <centerX>1</centerX>
        <centerY>-1</centerY>
        <name>image2.png</name>
    </drawable>
    <drawable>
        <rotate>4</rotate>
        <direction>2</direction>
        <mulrotate>1</mulrotate>
        <centerX>-1</centerX>
        <centerY>38</centerY>
        <name>image3.png</name>
    </drawable>
    <drawable>
        <name>image4.png</name>
    </drawable>
    <drawable>
        <rotate>3</rotate>
        <direction>2</direction>
        <mulrotate>1</mulrotate>
        <centerX>-123</centerX>
        <centerY>-2</centerY>
        <name>image5.png</name>
    </drawable>
    <drawable>
        <rotate>3</rotate>
        <direction>1</direction>
        <mulrotate>1</mulrotate>
        <centerX>-123</centerX>
        <centerY>-2</centerY>
        <name>image6.png</name>
    </drawable>
    <drawable>
        <name>image7.png</name>
    </drawable>
    <drawable>
        <name>digital1.xml</name>
        <arraytype>4</arraytype>
        <centerX>166</centerX>
        <centerY>2</centerY>
    </drawable>
    <drawable>
        <rotate>3</rotate>
        <direction>1</direction>
        <mulrotate>1</mulrotate>
        <centerX>-123</centerX>
        <centerY>-3</centerY>
        <name>image8.png</name>
    </drawable>
    <drawable>
        <rotate>13</rotate>
        <rotatemode>11</rotatemode>
        <startAngle>0</startAngle>
        <angle>248</angle>
        <direction>1</direction>
        <mulrotate>1</mulrotate>
        <name>image9.png</name>
    </drawable>
    <drawable>
        <name>image10.png</name>
    </drawable>
    <drawable>
        <rotate>1</rotate>
        <direction>1</direction>
        <mulrotate>1</mulrotate>
        <name>image11.png</name>
    </drawable>
    <drawable>
        <rotate>2</rotate>
        <direction>1</direction>
        <mulrotate>1</mulrotate>
        <name>image12.png</name>
    </drawable>
    <drawable>
        <name>image13.png</name>
    </drawable>
</clockskin>
<!-- Created on WatchFace Designer 0.14.2 beta -->
<!-- Exported for Android 7.1+ Stock ClockSkin Engine -->
