<?xml version="1.0" encoding="UTF-8" standalone="no"?>
<clockskin>
  <drawable>
    <name>clock_skin_panel.png</name>
  </drawable>
  <drawable>
    <name>lightning.png</name>
    <rotate>3</rotate>
    <mulrotate>6</mulrotate>
  </drawable>
  <drawable>
    <name>lightning_mask.png</name>
    <rotate>3</rotate>
    <direction>2</direction>
    <mulrotate>1</mulrotate>
  </drawable>
  <drawable>
    <name>clock_skin_grill.png</name>
  </drawable>
  <drawable>
    <name>clock_skin_second.png</name>
    <rotate>3</rotate>
    <direction>2</direction>
  </drawable>
  <drawable>
    <name>outer_ring.png</name>
  </drawable>
  <drawable>
    <name>monthday_array.xml</name>
    <centerX>-145</centerX>
    <arraytype>4</arraytype>
  </drawable>
  <drawable>
    <name>month_array.xml</name>
    <centerX>-85</centerX>
    <arraytype>3</arraytype>
  </drawable>
  <drawable>
    <name>hourminute_array.xml</name>
    <centerX>0</centerX>
    <centerY>135</centerY>
    <arraytype>6</arraytype>
  </drawable>
  <drawable>
    <name>weekday_array.xml</name>
    <centerX>0</centerX>
    <centerY>165</centerY>
    <arraytype>5</arraytype>
  </drawable>
  <drawable>
    <name>battery_array.xml</name>
    <centerX>0</centerX>
    <centerY>-145</centerY>
    <arraytype>14</arraytype>
  </drawable>
  <drawable>
    <centerX>-20</centerX>
    <centerY>-125</centerY>
    <arraytype>99</arraytype>
  </drawable>
  <drawable>
    <name>temp_array.xml</name>
    <centerX>155</centerX>
    <arraytype>11</arraytype>
  </drawable>
  <drawable>
    <name>weather_array.xml</name>
    <centerX>100</centerX>
    <arraytype>10</arraytype>
  </drawable>
  <drawable>
    <name>clock_skin_hour.png</name>
    <rotate>1</rotate>
  </drawable>
  <drawable>
    <name>clock_skin_minute.png</name>
    <rotate>2</rotate>
  </drawable>
</clockskin>