<clockskin>
    <drawable>
        <name>image1.png</name>
    </drawable>
    <drawable>
        <name>digital1.xml</name>
        <arraytype>5</arraytype>
        <centerX>-50</centerX>
        <centerY>94</centerY>
    </drawable>
    <drawable>
        <name>digital2.xml</name>
        <arraytype>7</arraytype>
        <centerX>5</centerX>
        <centerY>93</centerY>
    </drawable>
    <drawable>
        <name>digital3.xml</name>
        <arraytype>8</arraytype>
        <centerX>57</centerX>
        <centerY>93</centerY>
    </drawable>
    <drawable>
        <name>image2.png</name>
    </drawable>
    <drawable>
        <rotate>13</rotate>
        <rotatemode>6</rotatemode>
        <startAngle>0</startAngle>
        <angle>126</angle>
        <direction>1</direction>
        <mulrotate>1</mulrotate>
        <centerX>-61</centerX>
        <centerY>-31</centerY>
        <name>image3.png</name>
    </drawable>
    <drawable>
        <rotate>1</rotate>
        <direction>1</direction>
        <mulrotate>1</mulrotate>
        <name>image4.png</name>
    </drawable>
    <drawable>
        <rotate>2</rotate>
        <direction>1</direction>
        <mulrotate>1</mulrotate>
        <name>image5.png</name>
    </drawable>
    <drawable>
        <rotate>3</rotate>
        <direction>1</direction>
        <mulrotate>1</mulrotate>
        <name>image6.png</name>
    </drawable>
</clockskin>
<!-- Created on WatchFace Designer 0.14.2 beta -->
<!-- Exported for Android 7.1+ Stock ClockSkin Engine -->
