<?xml version="1.0" encoding="utf-8"?>
<clockskin>
	<drawable>
		<name>background2.png</name>
	</drawable>
	<drawable>
		<name>.img11302.png</name>
	</drawable>
	<drawable>
		<name>.img11299.png</name>
		<centerX>3</centerX>
		<centerY>120</centerY>
	</drawable>
<!--	<drawable>
		<name>imageedit_12_4887545701.png</name>
		<centerY>-78</centerY>
	</drawable>
	-->
	<drawable>
		<name>time.xml</name>
		<arraytype>6</arraytype>
		<centerY>-27</centerY>
	</drawable>
	<drawable>
		<name>.img11312.png</name>
		<centerX>79</centerX>
		<centerY>86</centerY>
	</drawable>
	<drawable>
		<name>bat.xml</name>
		<arraytype>14</arraytype>
		<centerX>116</centerX>
		<centerY>75</centerY>
	</drawable>
	<drawable>
		<name>weather_array.xml</name>
		<arraytype>10</arraytype>
		<centerX>-73</centerX>
		<centerY>86</centerY>
	</drawable>
	<drawable>
		<name>temp.xml</name>
		<arraytype>11</arraytype>
		<centerX>-115</centerX>
		<centerY>75</centerY>
	</drawable>
	<drawable>
		<name>weekday.xml</name>
		<arraytype>5</arraytype>
		<centerX>-98</centerX>
		<centerY>27</centerY>
	</drawable>
	<drawable>
		<name>day.xml</name>
		<arraytype>4</arraytype>
		<centerX>2</centerX>
		<centerY>27</centerY>
	</drawable>
	<drawable>
		<name>month.xml</name>
		<arraytype>3</arraytype>
		<centerX>95</centerX>
		<centerY>27</centerY>
	</drawable>
	<drawable>
		<name>moon_phase.xml</name>
		<arraytype>19</arraytype>
		<centerX>35</centerX>
		<centerY>-130</centerY>
	</drawable>
	<drawable>
		<name>imageedit_15_3036006275.png</name>
		<centerX>-8</centerX>
		<centerY>-127</centerY>
	</drawable>
	<drawable>
		<name>earth.xml</name>
		<arraytype>3</arraytype>
		<centerX>-52</centerX>
		<centerY>-114</centerY>
	</drawable>
	<drawable>
		<name>moon.xml</name>
		<arraytype>3</arraytype>
		<centerX>70</centerX>
		<centerY>-113</centerY>
	</drawable>
	<drawable>
		<arraytype>15</arraytype>
		<direction>1</direction>
		<colorarray>E10000,000000</colorarray>
	</drawable>
<!--COMMENTED BY ClockSkinMaker
<metadata gui='rra' version='1.1.0.0'/>
-->
</clockskin>