<?xml version="1.0" encoding="utf-8"?>
<drawables>
	<image>moon_jan.png</image>
	<image>moon_feb.png</image>
	<image>moon_mar.png</image>
	<image>moon_apr.png</image>
	<image>moon_may.png</image>
	<image>moon_jun.png</image>
	<image>moon_jul.png</image>
	<image>moon_aug.png</image>
	<image>moon_sep.png</image>
	<image>moon_oct.png</image>
	<image>moon_nov.png</image>
	<image>moon_dec.png</image>
<!--COMMENTED BY ClockSkinMaker
<metadata gui='rra' version='1.1.0.0' type='array_month' autoscale='1' font='Transformers Movie' fontstyle='Bold' fontsize='12.65953'>
<content>Moon</content>
<content>Moon</content>
<content>Moon</content>
<content>Moon</content>
<content>Moon</content>
<content>Moon</content>
<content>Moon</content>
<content>Moon</content>
<content>Moon</content>
<content>Moon</content>
<content>Moon</content>
<content>Moon</content>
</metadata>
-->
</drawables>