<?xml version="1.0" encoding="utf-8"?>
<clockskin>
	<drawable>
		<name>clock_skin_panel.png</name>
	</drawable>
	<drawable>
		<name>day_array.xml</name>
		<arraytype>11</arraytype>
		<centerX>-10</centerX>
		<centerY>-155</centerY>
	</drawable>
	<drawable>
		<name>weather_array.xml</name>
		<arraytype>10</arraytype>
		<centerX>100</centerX>
		<centerY>-120</centerY>
	</drawable>
	<drawable>
		<name>steps_array.xml</name>
		<arraytype>12</arraytype>
		<centerX>-50</centerX>
		<centerY>-80</centerY>
	</drawable>
	<drawable>
		<name>time_array.xml</name>
		<arraytype>7</arraytype>
		<centerX>-128</centerX>
	</drawable>
	<drawable>
		<name>clock_skin_2_num_colon.png</name>
		<centerX>-64</centerX>
	</drawable>
	<drawable>
		<name>time_array.xml</name>
		<arraytype>8</arraytype>
	</drawable>
	<drawable>
		<name>clock_skin_2_num_colon.png</name>
		<centerX>64</centerX>
	</drawable>
	<drawable>
		<name>time_array.xml</name>
		<arraytype>9</arraytype>
		<centerX>128</centerX>
	</drawable>
	<drawable>
		<name>day_array.xml</name>
		<arraytype>1</arraytype>
		<centerY>114</centerY>
	</drawable>
	<drawable>
		<name>weekday_array.xml</name>
		<arraytype>5</arraytype>
		<centerY>83</centerY>
	</drawable>
	<drawable>
		<arraytype>99</arraytype>
		<centerX>50</centerX>
		<centerY>143</centerY>
	</drawable>
	<drawable>
		<name>clock_skin_sec.png</name>
		<rotate>3</rotate>
	</drawable>
	<drawable>
		<name>moon_phase.xml</name>
		<arraytype>19</arraytype>
		<centerY>162</centerY>
	</drawable>
	<drawable>
		<name>vintage.png</name>
	</drawable>
<!--COMMENTED BY ClockSkinMaker
<metadata gui='rra' version='1.6.0.0'/>
-->
</clockskin>