<?xml version="1.0" encoding="utf-8"?>
<clockskin>
	<drawable>
		<name>Untitl34534578-90-9_1.png</name>
	</drawable>
	<drawable>
		<name>1111111111111.png</name>
		<rotate>3</rotate>
		<direction>2</direction>
		<mulrotate>8</mulrotate>
	</drawable>
	<drawable>
		<name>33333333333.png</name>
		<rotate>3</rotate>
		<mulrotate>3</mulrotate>
	</drawable>
	<drawable>
		<name>day_array.xml</name>
		<arraytype>4</arraytype>
		<centerX>127</centerX>
		<centerY>3</centerY>
	</drawable>
	<drawable>
		<name>Untitl3453452342457568678.png</name>
	</drawable>
	<drawable>
		<arraytype>99</arraytype>
		<centerX>-20</centerX>
		<centerY>95</centerY>
	</drawable>
	<drawable>
		<name>clock_skin_hour.png</name>
		<rotate>1</rotate>
	</drawable>
	<drawable>
		<name>clock_skin_minute.png</name>
		<rotate>2</rotate>
	</drawable>
	<drawable>
		<name>clock_skin_2342342344.png</name>
	</drawable>
<!--COMMENTED BY ClockSkinMaker
<metadata gui='rra' version='1.5.0.0'/>
-->
</clockskin>