<?xml version="1.0" encoding="utf-8"?>
<clockskin>
	<drawable>
		<name>image1.png</name>
	</drawable>
	<drawable>
                <rotate>3</rotate>
                <mulrotate>2</mulrotate>
                <centerX>0</centerX>
                <centerY>0</centerY>
                <name>image2.png</name>
    </drawable>
        <drawable>
		<name>digital1.xml</name>
		<arraytype>6</arraytype>
		<centerX>-42</centerX>
		<centerY>15</centerY>
	</drawable>
	<drawable>
		<name>digital2.xml</name>
		<arraytype>9</arraytype>
		<centerX>120</centerX>
		<centerY>18</centerY>
	</drawable>
	<drawable>
		<name>digital3.xml</name>
		<arraytype>14</arraytype>
		<centerX>40</centerX>
		<centerY>-130</centerY>
	</drawable>
	<drawable>
		<name>digital4.xml</name>
		<arraytype>12</arraytype>
		<centerX>6</centerX>
		<centerY>135</centerY>
	</drawable>
	<drawable>
		<name>digital5.xml</name>
		<arraytype>5</arraytype>
		<centerX>-81</centerX>
		<centerY>-63</centerY>
	</drawable>
	<drawable>
		<name>digital6.xml</name>
		<arraytype>4</arraytype>
		<centerX>-24</centerX>
		<centerY>-63</centerY>
	</drawable>
	<drawable>
		<name>digital7.xml</name>
		<arraytype>3</arraytype>
		<centerX>75</centerX>
		<centerY>-63</centerY>
	</drawable>
	<drawable>
		<name>digital8.xml</name>
		<arraytype>10</arraytype>
		<centerX>150</centerX>
		<centerY>100</centerY>
	</drawable>
	
