<?xml version="1.0" encoding="utf-8"?>
<clockskin> 
        <drawable>
		<name>OUT.xml</name>
		<arraytype>80</arraytype>        
	</drawable>
	<drawable>
		<name>CLOCKYAED_3.png</name>
		<rotate>3</rotate>
		<centerX>114</centerX>
		<centerY>84</centerY>
		<direction>2</direction>
		<mulrotate>2</mulrotate>
	</drawable>
	<drawable>
		<name>Zobnik 2_1.png</name>
		<rotate>3</rotate>
		<centerX>132</centerX>
		<centerY>-8</centerY>
		<mulrotate>1</mulrotate>
	</drawable>
	<drawable>
		<name>BATI 2.png</name>
	</drawable>
	<drawable>
		<name>digital14.xml</name>
		<arraytype>61</arraytype>
	</drawable>
	<drawable>
		<name>BATI 1.png</name>
	</drawable>
	<drawable>
		<name>image4h.png</name>
		<rotate>1</rotate>
	</drawable>
	<drawable>
		<name>image5m.png</name>
		<rotate>2</rotate>
	</drawable>
	<drawable>
		<name>image6s.png</name>
		<rotate>3</rotate>
	</drawable>
	<drawable>
		<name>dan.xml</name>
		<arraytype>4</arraytype>
		<centerY>-136</centerY>
	</drawable>
	<drawable>
		<name>dan 1.xml</name>
		<arraytype>4</arraytype>
		<centerX>-1</centerX>
		<centerY>-134</centerY>
	</drawable>
	<drawable>
		<name>mes.xml</name>
		<arraytype>3</arraytype>
		<centerY>-97</centerY>
	</drawable>
	<drawable>
		<name>mes1.xml</name>
		<arraytype>3</arraytype>
		<centerX>-3</centerX>
		<centerY>-97</centerY>
	</drawable>
<!--COMMENTED BY ClockSkinMaker
<metadata gui='rra' version='2.0.0.2'/>
-->
</clockskin>