<?xml version="1.0" encoding="utf-8"?>
<drawables>
	<image>mes_jan.png</image>
	<image>mes_feb.png</image>
	<image>mes_mar.png</image>
	<image>mes_apr.png</image>
	<image>mes_may.png</image>
	<image>mes_jun.png</image>
	<image>mes_jul.png</image>
	<image>mes_aug.png</image>
	<image>mes_sep.png</image>
	<image>mes_oct.png</image>
	<image>mes_nov.png</image>
	<image>mes_dec.png</image>
<!--COMMENTED BY ClockSkinMaker
<metadata gui='rra' version='2.0.0.2' type='array_month' forecolor='FF8A15' autoscale='1' font='Times New Roman' fontstyle='Bold' fontsize='17,76133'>
<content>JAN</content>
<content>FEB</content>
<content>MAR</content>
<content>APR</content>
<content>MAJ</content>
<content>JUN</content>
<content>JUL</content>
<content>AVG</content>
<content>SEP</content>
<content>OKT</content>
<content>NOV</content>
<content>DEC</content>
</metadata>
-->
</drawables>