<?xml version="1.0" encoding="utf-8"?>
<drawables>
	<image>mes1_jan.png</image>
	<image>mes1_feb.png</image>
	<image>mes1_mar.png</image>
	<image>mes1_apr.png</image>
	<image>mes1_may.png</image>
	<image>mes1_jun.png</image>
	<image>mes1_jul.png</image>
	<image>mes1_aug.png</image>
	<image>mes1_sep.png</image>
	<image>mes1_oct.png</image>
	<image>mes1_nov.png</image>
	<image>mes1_dec.png</image>
<!--COMMENTED BY ClockSkinMaker
<metadata gui='rra' version='2.0.0.2' type='array_month' forecolor='CACA00' autoscale='1' font='Times New Roman' fontstyle='Bold' fontsize='17,76133'>
<content>JAN</content>
<content>FEB</content>
<content>MAR</content>
<content>APR</content>
<content>MAJ</content>
<content>JUN</content>
<content>JUL</content>
<content>AVG</content>
<content>SEP</content>
<content>OKT</content>
<content>NOV</content>
<content>DEC</content>
</metadata>
-->
</drawables>