<clockskin>
    <drawable>
        <name>image1.png</name>
    </drawable>
    <drawable>
        <name>digital1.xml</name>
        <arraytype>10</arraytype>
        <centerX>-97</centerX>
        <centerY>-104</centerY>
    </drawable>
    <drawable>
        <name>digital2.xml</name>
        <arraytype>11</arraytype>
        <centerX>-115</centerX>
        <centerY>-82</centerY>
    </drawable>
    <drawable>
        <name>digital3.xml</name>
        <arraytype>12</arraytype>
        <centerX>0</centerX>
        <centerY>-103</centerY>
    </drawable>
    <drawable>
        <name>digital4.xml</name>
        <arraytype>13</arraytype>
        <centerX>85</centerX>
        <centerY>-103</centerY>
    </drawable>
    <drawable>
        <name>digital5.xml</name>
        <arraytype>2</arraytype>
        <centerX>0</centerX>
        <centerY>96</centerY>
    </drawable>
    <drawable>
        <name>digital6.xml</name>
        <arraytype>6</arraytype>
        <centerX>0</centerX>
        <centerY>-7</centerY>
    </drawable>
    <drawable>
        <name>digital7.xml</name>
        <arraytype>14</arraytype>
        <centerX>60</centerX>
        <centerY>-170</centerY>
    </drawable>
    <drawable>
        <arraytype>100</arraytype>
        <centerX>0</centerX>
        <centerY>-175</centerY>
        <range>30</range>
        <cls>com.google.android.apps.googleassistant.AssistantActivity</cls>
        <pkg>com.google.android.apps.googleassistant</pkg>
    </drawable>
    <drawable>
        <arraytype>100</arraytype>
        <centerX>-61</centerX>
        <centerY>-164</centerY>
        <range>30</range>
        <cls>com.android.settings.Settings</cls>
        <pkg>com.android.settings</pkg>
    </drawable>
    <drawable>
        <arraytype>100</arraytype>
        <centerX>66</centerX>
        <centerY>-164</centerY>
        <range>30</range>
        <cls>com.android.settings.Settings$PowerUsageSummaryActivity</cls>
        <pkg>com.android.settings</pkg>
    </drawable>
    <drawable>
        <arraytype>100</arraytype>
        <centerX>-111</centerX>
        <centerY>-108</centerY>
        <range>30</range>
        <cls>com.macropinch.swan.WeatherActivity2</cls>
	<pkg>com.macropinch.swan</pkg>
    </drawable>
    <drawable>
        <arraytype>100</arraytype>
        <centerX>0</centerX>
        <centerY>-108</centerY>
        <range>30</range>
        <cls>com.google.android.apps.fitness.welcome.WelcomeActivity</cls>
        <pkg>com.google.android.apps.fitness</pkg>
    </drawable>
    <drawable>
        <arraytype>100</arraytype>
        <centerX>93</centerX>
        <centerY>-108</centerY>
        <range>30</range>
        <cls>com.digdroid.heartmonitor.MainActivity</cls>
        <pkg>com.digdroid.heartmonitor</pkg>
    </drawable>
    <drawable>
        <arraytype>100</arraytype>
        <centerX>-165</centerX>
        <centerY>-52</centerY>
        <range>30</range>
        <cls>com.google.android.dialer.extensions.GoogleDialtactsActivity</cls>
        <pkg>com.google.android.dialer</pkg>
    </drawable>
    <drawable>
        <arraytype>100</arraytype>
        <centerX>-165</centerX>
        <centerY>-2</centerY>
        <range>30</range>
        <cls>com.google.android.apps.googlevoice.SplashActivity</cls>
        <pkg>com.google.android.apps.googlevoice</pkg>
    </drawable>
    <drawable>
        <arraytype>100</arraytype>
        <centerX>-165</centerX>
        <centerY>53</centerY>
        <range>30</range>
        <cls>com.viber.voip.WelcomeActivity</cls>
        <pkg>com.viber.voip</pkg>
    </drawable>
    <drawable>
        <arraytype>100</arraytype>
        <range>40</range>
        <cls>jp.gr.java_conf.gigavitts.litcon.MainActivity</cls>
        <pkg>jp.gr.java_conf.gigavitts.litcon</pkg>
    </drawable>
    <drawable>
        <arraytype>100</arraytype>
        <centerX>166</centerX>
        <centerY>-56</centerY>
        <range>30</range>
        <cls>com.google.android.apps.messaging.ui.ConversationListActivity</cls>
        <pkg>com.google.android.apps.messaging</pkg>
    </drawable>
    <drawable>
        <arraytype>100</arraytype>
        <centerX>166</centerX>
        <centerY>1</centerY>
        <range>30</range>
        <cls>com.facebook.mlite.coreui.view.MainActivity</cls>
        <pkg>com.facebook.mlite</pkg>
    </drawable>
    <drawable>
        <arraytype>100</arraytype>
        <centerX>166</centerX>
        <centerY>57</centerY>
        <range>30</range>
        <cls>com.whatsapp.Main</cls>
        <pkg>com.whatsapp</pkg>
    </drawable>
    <drawable>
        <arraytype>100</arraytype>
        <centerX>-100</centerX>
        <centerY>96</centerY>
        <range>30</range>
        <cls>com.google.android.gm.ConversationListActivityGmail</cls>
        <pkg>com.google.android.gm</pkg>
    </drawable>
    <drawable>
        <arraytype>100</arraytype>
        <centerX>0</centerX>
        <centerY>96</centerY>
        <range>30</range>
        <cls>com.android.calendar.AllInOneActivity</cls>
        <pkg>com.google.android.calendar</pkg>
    </drawable>
    <drawable>
        <arraytype>100</arraytype>
        <centerX>102</centerX>
        <centerY>96</centerY>
        <range>30</range>
        <cls>com.google.android.apps.tasks.ui.TaskListsActivity</cls>
        <pkg>com.google.android.apps.tasks</pkg>
    </drawable>
    <drawable>
        <arraytype>100</arraytype>
        <centerX>-69</centerX>
        <centerY>160</centerY>
        <range>30</range>
        <cls>com.android.camera.CameraLauncher</cls>
        <pkg>com.wiite.camera</pkg>
    </drawable>
    <drawable>
        <arraytype>100</arraytype>
        <centerX>0</centerX>
        <centerY>160</centerY>
        <range>30</range>
        <cls>com.google.android.apps.photos.home.HomeActivity</cls>
        <pkg>com.google.android.apps.photos</pkg>
    </drawable>
    <drawable>
        <arraytype>100</arraytype>
        <centerX>69</centerX>
        <centerY>160</centerY>
        <range>30</range>
        <cls>com.google.android.apps.youtube.music.activities.MusicActivity</cls>
        <pkg>com.google.android.apps.youtube.music</pkg>
    </drawable>
</clockskin>
<!-- Created on WatchFace Designer 0.14.2 beta -->
<!-- Exported for Android 7.1+ Stock ClockSkin Engine -->
