<?xml version="1.0" encoding="utf-8"?>
<clockskin>
	<drawable>
		<name>image1.png</name>
	</drawable>
	<drawable>
		<name>image3.png</name>
	</drawable>
	<drawable>
		<name>digital1.xml</name>
		<arraytype>4</arraytype>
		<centerY>115</centerY>
	</drawable>
	<drawable>
		<name>image2.png</name>
	</drawable>
	<drawable>
		<name>small sec.-sh.png</name>
		<rotate>3</rotate>
		<centerX>3</centerX>
		<centerY>74</centerY>
	</drawable>
	<drawable>
		<name>small sec..png</name>
		<rotate>3</rotate>
		<centerY>72</centerY>
	</drawable>
	<drawable>
		<name>small hand-sh_1.png</name>
		<rotate>6</rotate>
		<centerX>89</centerX>
		<centerY>3</centerY>
		<mulrotate>2</mulrotate>
	</drawable>
	<drawable>
		<name>small hand_1.png</name>
		<rotate>6</rotate>
		<centerX>85</centerX>
		<mulrotate>2</mulrotate>
	</drawable>
	<drawable>
		<name>small hand-sh.png</name>
		<rotate>2</rotate>
		<centerX>-83</centerX>
		<centerY>3</centerY>
	</drawable>
	<drawable>
		<name>small hand.png</name>
		<rotate>2</rotate>
		<centerX>-87</centerX>
	</drawable>
	<drawable>
		<name>hour-sh.png</name>
		<rotate>1</rotate>
		<centerX>4</centerX>
		<centerY>4</centerY>
	</drawable>
	<drawable>
		<name>hour.png</name>
		<rotate>1</rotate>
	</drawable>
	<drawable>
		<name>minute-sh.png</name>
		<rotate>2</rotate>
		<centerX>5</centerX>
		<centerY>5</centerY>
	</drawable>
	<drawable>
		<name>sec-sh.png</name>
		<rotate>3</rotate>
		<centerX>6</centerX>
		<centerY>6</centerY>
	</drawable>
	<drawable>
		<name>minute.png</name>
		<rotate>2</rotate>
	</drawable>
	<drawable>
		<name>sec.png</name>
		<rotate>3</rotate>
	</drawable>
	<drawable>
		<name>shadow.png</name>
	</drawable>
<!--COMMENTED BY ClockSkinMaker
<metadata gui='rra' version='2.0.0.2'/>
-->
</clockskin>