<?xml version="1.0" encoding="utf-8"?>
<drawables>
	<image>date-0.png</image>
	<image>date-1.png</image>
	<image>date-2.png</image>
	<image>date-3.png</image>
	<image>date-4.png</image>
	<image>date-5.png</image>
	<image>date-6.png</image>
	<image>date-7.png</image>
	<image>date-8.png</image>
	<image>date-9.png</image>
<!--COMMENTED BY ClockSkinMaker
<metadata gui='rra' version='1.6.0.0' type='array_day' forecolor='FFFFFF' autoscale='1' font='Roboto' fontstyle='Bold' fontsize='19,99675'>
<content>0</content>
<content>1</content>
<content>2</content>
<content>3</content>
<content>4</content>
<content>5</content>
<content>6</content>
<content>7</content>
<content>8</content>
<content>9</content>
</metadata>
-->
</drawables>