<clockskin>
    <drawable>
        <name>image1.png</name>
    </drawable>
    <drawable>
        <name>digital1.xml</name>
        <arraytype>14</arraytype>
        <centerX>-400</centerX>
        <centerY>0</centerY>
    </drawable>
    <drawable>
        <name>digital2.xml</name>
        <arraytype>14</arraytype>
    </drawable>
    <drawable>
        <name>digital3.xml</name>
        <arraytype>14</arraytype>
        <centerX>400</centerX>
        <centerY>0</centerY>
    </drawable>
    <drawable>
        <name>digital4.xml</name>
        <arraytype>12</arraytype>
        <centerX>-400</centerX>
        <centerY>0</centerY>
    </drawable>
    <drawable>
        <name>digital5.xml</name>
        <arraytype>12</arraytype>
    </drawable>
    <drawable>
        <name>image2.png</name>
    </drawable>
    <drawable>
        <name>digital6.xml</name>
        <arraytype>6</arraytype>
        <centerX>-34</centerX>
        <centerY>-2</centerY>
    </drawable>
    <drawable>
        <name>digital7.xml</name>
        <arraytype>9</arraytype>
        <centerX>100</centerX>
        <centerY>23</centerY>
    </drawable>
    <drawable>
        <name>digital8.xml</name>
        <arraytype>6</arraytype>
        <centerX>86</centerX>
        <centerY>-29</centerY>
    </drawable>
    <drawable>
        <name>image3.png</name>
    </drawable>
    <drawable>
        <name>digital9.xml</name>
        <arraytype>5</arraytype>
        <centerX>0</centerX>
        <centerY>-102</centerY>
    </drawable>
    <drawable>
        <name>digital10.xml</name>
        <arraytype>3</arraytype>
        <centerX>-22</centerX>
        <centerY>-76</centerY>
    </drawable>
    <drawable>
        <name>digital11.xml</name>
        <arraytype>16</arraytype>
        <centerX>50</centerX>
        <centerY>-76</centerY>
    </drawable>
    <drawable>
        <name>digital12.xml</name>
        <arraytype>4</arraytype>
        <centerX>-96</centerX>
        <centerY>-86</centerY>
    </drawable>
    <drawable>
        <name>digital13.xml</name>
        <arraytype>10</arraytype>
        <centerX>0</centerX>
        <centerY>76</centerY>
    </drawable>
    <drawable>
        <name>digital14.xml</name>
        <arraytype>11</arraytype>
        <centerX>82</centerX>
        <centerY>76</centerY>
    </drawable>
    <drawable>
        <name>image4.png</name>
    </drawable>
    <drawable>
        <name>digital15.xml</name>
        <arraytype>10</arraytype>
        <centerX>-76</centerX>
        <centerY>58</centerY>
    </drawable>
    <drawable>
        <name>image5.png</name>
    </drawable>
    <drawable>
        <name>digital16.xml</name>
        <arraytype>13</arraytype>
        <centerX>101</centerX>
        <centerY>106</centerY>
    </drawable>
    <drawable>
        <name>image6.png</name>
    </drawable>
    <drawable>
        <arraytype>99</arraytype>
        <centerX>-13</centerX>
        <centerY>35</centerY>
    </drawable>
    <drawable>
	<arraytype>100</arraytype>
	<centerX>0</centerX>
	<centerY>163</centerY>
	<range>40</range>
	<cls>com.google.android.apps.googleassistant.AssistantActivity</cls>
	<pkg>com.google.android.apps.googleassistant</pkg>
    </drawable>
    <drawable>
     <arraytype>100</arraytype>
     <centerX>0</centerX>
     <centerY>-163</centerY>
     <range>40</range>
     <cls>com.android.dialer.DialtactsWearActivity</cls>
     <pkg>com.android.dialer</pkg>
    </drawable>
</clockskin>
