<?xml version="1.0" encoding="utf-8"?>
<clockskin>
<drawable>
        <name>image1.png</name>
    </drawable>
    <drawable>
        <name>digital1.xml</name>
        <arraytype>8</arraytype>
        <centerX>1</centerX>
        <centerY>147</centerY>
    </drawable>
    <drawable>
        <name>digital2.xml</name>
        <arraytype>7</arraytype>
        <centerX>-62</centerX>
        <centerY>147</centerY>
    </drawable>
    <drawable>
        <name>digital3.xml</name>
        <arraytype>7</arraytype>
        <centerX>63</centerX>
        <centerY>147</centerY>
    </drawable>
<drawable>
    <name>Dial.xml</name>
		<arraytype>80</arraytype>        
	</drawable>
	</clockskin>