<?xml version="1.0" encoding="utf-8"?>
<clockskin>
	<drawable>
		<name>citizend12042-8035(4).png</name>
	</drawable>
	<drawable>
		<name>segundo.xml</name>
		<arraytype>9</arraytype>
		<centerX>-200</centerX>
	</drawable>
	<drawable>
		<name>horas_2.xml</name>
		<arraytype>7</arraytype>
		<centerX>-64</centerX>
		<centerY>88</centerY>
	</drawable>
	<drawable>
		<name>horas_1.xml</name>
		<arraytype>8</arraytype>
		<centerX>17</centerX>
		<centerY>80</centerY>
	</drawable>
	<drawable>
		<name>horas_num_colon.png</name>
		<centerX>-32</centerX>
		<centerY>86</centerY>
	</drawable>
	<drawable>
		<name>horas.xml</name>
		<arraytype>4</arraytype>
		<centerX>72</centerX>
		<centerY>-25</centerY>
	</drawable>
	<drawable>
		<name>s.xml</name>
		<arraytype>9</arraytype>
		<centerX>-199</centerX>
	</drawable>
<!--COMMENTED BY ClockSkinMaker
<metadata gui='rra' version='1.4.0.0'/>
-->
</clockskin>