<?xml version="1.0" encoding="utf-8"?>
<clockskin>
	<drawable>
		<name>2020.png</name>
	</drawable>
	<drawable>
		<arraytype>15</arraytype>
		<colorarray>FF8000,FFFFFF</colorarray>
	</drawable>
	<drawable>
		<name>20201.png</name>
		<centerX>-450</centerX>
		<centerY>-8</centerY>
	</drawable>
	<drawable>
		<name>yar_1_1.xml</name>
		<arraytype>16</arraytype>
		<centerX>9</centerX>
		<centerY>-95</centerY>
	</drawable>
	<drawable>
		<name>month.xml</name>
		<arraytype>3</arraytype>
		<centerX>-21</centerX>
		<centerY>-131</centerY>
	</drawable>
	<drawable>
		<name>wd.xml</name>
		<arraytype>5</arraytype>
		<centerX>-21</centerX>
		<centerY>-156</centerY>
	</drawable>
	<drawable>
		<name>hr11.xml</name>
		<arraytype>13</arraytype>
		<centerX>-64</centerX>
		<centerY>56</centerY>
	</drawable>
	<drawable>
		<name>hr11_1.xml</name>
		<arraytype>12</arraytype>
		<centerX>-28</centerX>
		<centerY>106</centerY>
	</drawable>
	<drawable>
		<name>bat1.xml</name>
		<arraytype>14</arraytype>
		<centerX>-16</centerX>
		<centerY>153</centerY>
	</drawable>
	<drawable>
		<name>tem1.xml</name>
		<arraytype>11</arraytype>
		<centerX>-81</centerX>
		<centerY>-60</centerY>
	</drawable>
	<drawable>
		<name>moon_phase.xml</name>
		<arraytype>19</arraytype>
		<centerX>-98</centerX>
		<centerY>-125</centerY>
	</drawable>
	<drawable>
		<name>weather_array.xml</name>
		<arraytype>10</arraytype>
		<centerX>-138</centerX>
		<centerY>-59</centerY>
	</drawable>
	<drawable>
		<name>seeec.png</name>
		<rotate>3</rotate>
		<centerX>62</centerX>
		<centerY>8</centerY>
	</drawable>
	<drawable>
		<name>mmmnt.png</name>
		<rotate>2</rotate>
		<centerX>61</centerX>
		<centerY>8</centerY>
	</drawable>
	<drawable>
		<name>hour.png</name>
		<rotate>1</rotate>
		<centerX>62</centerX>
		<centerY>10</centerY>
	</drawable>
	<drawable>
		<arraytype>99</arraytype>
		<centerX>-125</centerX>
		<centerY>-92</centerY>
	</drawable>
	<drawable>
		<name>hhh.xml</name>
		<arraytype>7</arraytype>
		<centerX>-137</centerX>
		<centerY>7</centerY>
	</drawable>
	<drawable>
		<name>yar_1.xml</name>
		<arraytype>8</arraytype>
		<centerX>-51</centerX>
		<centerY>7</centerY>
	</drawable>
	<drawable>
		<name>dayy.xml</name>
		<arraytype>4</arraytype>
		<centerX>40</centerX>
		<centerY>-140</centerY>
	</drawable>
<!--COMMENTED BY ClockSkinMaker
<metadata gui='rra' version='1.4.0.0'/>
-->
</clockskin>