<?xml version="1.0" encoding="utf-8"?>
<clockskin>
	<drawable>
		<name>background.png</name>
	</drawable>
	<drawable>
		<name>tourbillon1.png</name>
		<rotate>3</rotate>
		<centerY>36</centerY>
		<mulrotate>80</mulrotate>
	</drawable>
	<drawable>
		<name>tourbillon2.png</name>
		<rotate>3</rotate>
		<centerY>36</centerY>
		<direction>2</direction>
		<mulrotate>80</mulrotate>
	</drawable>
	<drawable>
		<name>spiral.xml</name>
		<arraytype>9</arraytype>
		<centerX>-250</centerX>
		<centerY>36</centerY>
	</drawable>
	<drawable>
		<name>second_hand_shadow.png</name>
		<rotate>3</rotate>
		<centerX>-5</centerX>
		<centerY>41</centerY>
		<direction>2</direction>
	</drawable>
	<drawable>
		<name>second_hand.png</name>
		<rotate>3</rotate>
		<centerY>36</centerY>
	</drawable>
	<drawable>
		<name>rubin.png</name>
		<centerY>36</centerY>
	</drawable>
	<drawable>
		<name>weekday_hand.png</name>
		<rotate>5</rotate>
		<centerY>37</centerY>
	</drawable>
	<drawable>
		<name>month_hand.png</name>
		<rotate>4</rotate>
		<centerY>38</centerY>
	</drawable>
	<drawable>
		<name>days_ring.png</name>
		<centerY>36</centerY>
	</drawable>
	<drawable>
		<name>day.xml</name>
		<arraytype>4</arraytype>
		<centerX>-200</centerX>
		<centerY>36</centerY>
	</drawable>
	<drawable>
		<name>day_mask.xml</name>
		<arraytype>4</arraytype>
		<centerX>200</centerX>
		<centerY>36</centerY>
	</drawable>
	<drawable>
		<name>hour_hand_shadow.png</name>
		<rotate>1</rotate>
		<centerX>-1</centerX>
		<centerY>-90</centerY>
	</drawable>
	<drawable>
		<name>hour_hand.png</name>
		<rotate>1</rotate>
		<centerX>2</centerX>
		<centerY>-93</centerY>
	</drawable>
	<drawable>
		<name>minute_hand_shadow.png</name>
		<rotate>2</rotate>
		<centerX>-3</centerX>
		<centerY>-88</centerY>
	</drawable>
	<drawable>
		<name>minute_hand.png</name>
		<rotate>2</rotate>
		<centerX>2</centerX>
		<centerY>-93</centerY>
	</drawable>
<!--COMMENTED BY ClockSkinMaker
<metadata gui='rra' version='2.0.0.2'/>
-->
</clockskin>