<?xml version="1.0" encoding="utf-8"?>
<clockskin>
	<drawable>
		<name>background.png</name>
	</drawable>
	<drawable>
		<name>LeftBigTicSecondsArray.xml</name>
		<arraytype>9</arraytype>
		<centerX>200</centerX>
	</drawable>
	<drawable>
		<name>RightBigTicSecondsArray.xml</name>
		<arraytype>9</arraytype>
		<centerX>-201</centerX>
	</drawable>
	<drawable>
		<name>Hours Hand Shadow.png</name>
		<rotate>8</rotate>
		<centerX>-4</centerX>
		<centerY>3</centerY>
	</drawable>
	<drawable>
		<name>Hours Hand.png</name>
		<rotate>1</rotate>
	</drawable>
	<drawable>
		<name>Minutes Hand Shadow.png</name>
		<rotate>9</rotate>
		<centerX>-5</centerX>
		<centerY>6</centerY>
	</drawable>
	<drawable>
		<name>Minutes Hand.png</name>
		<rotate>2</rotate>
	</drawable>
	<drawable>
		<name>FOSSIL.png</name>
	</drawable>
	<drawable>
		<name>ring_shadow.png</name>
	</drawable>
<!--COMMENTED BY ClockSkinMaker
<metadata gui='rra' version='1.5.0.0'/>
-->
</clockskin>