<?xml version="1.0" encoding="utf-8"?>
<clockskin>
	<drawable>
		<name>hour_background.png</name>
	</drawable>
	<drawable>
		<name>hour_hand.png</name>
		<rotate>1</rotate>
		<direction>2</direction>
	</drawable>
	<drawable>
		<name>minute_hand.png</name>
		<rotate>2</rotate>
	</drawable>
	<drawable>
		<name>clock_panel.png</name>
	</drawable>
	<drawable>
		<name>second_hand_shadow.png</name>
		<rotate>10</rotate>
		<centerX>1</centerX>
		<centerY>2</centerY>
	</drawable>
	<drawable>
		<name>second_hand.png</name>
		<rotate>3</rotate>
	</drawable>
	<drawable>
		<name>battery_button.png</name>
		<rotate>6</rotate>
		<angle>182</angle>
		<startAngle>-45</startAngle>
	</drawable>
	<drawable>
		<name>array_weekdays.xml</name>
		<arraytype>5</arraytype>
		<centerY>154</centerY>
	</drawable>
	<drawable>
		<name>array_day.xml</name>
		<arraytype>4</arraytype>
		<centerX>3</centerX>
		<centerY>121</centerY>
	</drawable>
<!--COMMENTED BY ClockSkinMaker
<metadata gui='rra' version='1.4.8.0'/>
-->
</clockskin>