<clockskin>
    <drawable>
        <name>image1.png</name>
    </drawable>
    <drawable>
        <name>animated_image_1.xml</name>
        <framerate>0.00027777777778</framerate>
    </drawable>
    <drawable>
        <name>animated_image_2.xml</name>
        <framerate>0.00027777777778</framerate>
        <centerX>-2</centerX>
        <centerY>-1</centerY>
    </drawable>
    <drawable>
        <rotate>1</rotate>
        <mulrotate>1</mulrotate>
        <centerX>3</centerX>
        <centerY>4</centerY>
        <name>image2.png</name>
    </drawable>
    <drawable>
        <name>image3.png</name>
    </drawable>
    <drawable>
        <name>animated_image_3.xml</name>
        <framerate>0.00277777777778</framerate>
        <rotate>1</rotate>
        <mulrotate>1</mulrotate>
    </drawable>
    <drawable>
        <rotate>2</rotate>
        <mulrotate>1</mulrotate>
        <centerX>3</centerX>
        <centerY>4</centerY>
        <name>image4.png</name>
    </drawable>
    <drawable>
        <name>animated_image_4.xml</name>
        <framerate>0.03333333333333</framerate>
        <centerX>0</centerX>
        <centerY>-1</centerY>
        <rotate>2</rotate>
        <mulrotate>1</mulrotate>
    </drawable>
    <drawable>
        <rotate>3</rotate>
        <mulrotate>1</mulrotate>
        <movement>2</movement>
        <centerX>3</centerX>
        <centerY>4</centerY>
        <name>image5.png</name>
    </drawable>
    <drawable>
        <name>animated_image_5.xml</name>
        <framerate>2.00000000000000</framerate>
        <rotate>3</rotate>
        <mulrotate>1</mulrotate>
        <movement>2</movement>
    </drawable>
    <drawable>
        <name>image6.png</name>
    </drawable>
</clockskin>
