<?xml version="1.0" encoding="utf-8"?>
<drawables>
     <image>digital3_0.png</image>
     <image>digital3_0.png</image>
     <image>digital3_0.png</image>
     <image>digital3_0.png</image>
     <image>digital3_0.png</image>
     <image>digital3_0.png</image>
     <image>digital3_0.png</image>
     <image>digital3_0.png</image>
     <image>digital3_0.png</image>
     <image>digital3_0.png</image>
     <image>digital3_10.png</image>
     <image>digital3_11.png</image>
     <image>digital3_12.png</image>
</drawables>
