<?xml version="1.0" encoding="utf-8"?>
<clockskin>
	<drawable>
		<name>grund2.png</name>
	</drawable>
	<drawable>
		<name>tag_h.xml</name>
		<arraytype>4</arraytype>
		<centerX>-199</centerX>
	</drawable>
	<drawable>
		<name>tag_v.xml</name>
		<arraytype>4</arraytype>
		<centerX>201</centerX>
	</drawable>
	<drawable>
		<name>z_mon.png</name>
		<rotate>4</rotate>
		<centerX>1</centerX>
		<centerY>-81</centerY>
	</drawable>
	<drawable>
		<name>punkt.png</name>
		<centerX>1</centerX>
		<centerY>-2</centerY>
	</drawable>
	<drawable>
		<name>z_mon_punkt.png</name>
		<centerX>2</centerX>
		<centerY>-81</centerY>
	</drawable>
	<drawable>
		<name>saturn.xml</name>
		<arraytype>16</arraytype>
		<centerX>-600</centerX>
		<centerY>210</centerY>
	</drawable>
	<drawable>
		<name>saturn_bl.xml</name>
		<arraytype>16</arraytype>
		<centerX>-200</centerX>
		<centerY>210</centerY>
	</drawable>
	<drawable>
		<name>jupiter_jahr.xml</name>
		<arraytype>16</arraytype>
		<centerX>-600</centerX>
		<centerY>210</centerY>
	</drawable>
	<drawable>
		<name>jupiter_mon.xml</name>
		<arraytype>3</arraytype>
		<centerY>210</centerY>
	</drawable>
	<drawable>
		<name>mars_jahr.xml</name>
		<arraytype>16</arraytype>
		<centerX>-600</centerX>
		<centerY>210</centerY>
	</drawable>
	<drawable>
		<name>erde.xml</name>
		<arraytype>3</arraytype>
		<centerY>210</centerY>
	</drawable>
	<drawable>
		<name>sonne.png</name>
		<centerY>210</centerY>
	</drawable>
	<drawable>
		<name>z_std_schw.png</name>
		<rotate>1</rotate>
		<centerX>2</centerX>
		<centerY>2</centerY>
	</drawable>
	<drawable>
		<name>z_std_weiß.png</name>
		<rotate>1</rotate>
		<centerX>-1</centerX>
		<centerY>-1</centerY>
	</drawable>
	<drawable>
		<name>z_std_grau.png</name>
		<rotate>1</rotate>
	</drawable>
	<drawable>
		<name>z_min_schw.png</name>
		<rotate>2</rotate>
		<centerX>2</centerX>
		<centerY>2</centerY>
	</drawable>
	<drawable>
		<name>z_min_weiß.png</name>
		<rotate>2</rotate>
		<centerX>-1</centerX>
		<centerY>-1</centerY>
	</drawable>
	<drawable>
		<name>z_min_grau.png</name>
		<rotate>2</rotate>
	</drawable>
	<drawable>
		<name>z_punkt.png</name>
	</drawable>
<!--COMMENTED BY ClockSkinMaker
<metadata gui='rra' version='1.4.0.0'/>
-->
</clockskin>