<clockskin>
    <drawable>
        <name>image1.png</name>
    </drawable>
    <drawable>
        <name>digital1.xml</name>
        <arraytype>6</arraytype>
        <centerX>-682</centerX>
        <centerY>-43</centerY>
    </drawable>
    <drawable>
        <name>digital1.xml</name>
        <arraytype>6</arraytype>
        <centerX>-283</centerX>
        <centerY>-42</centerY>
    </drawable>
    <drawable>
        <name>digital1.xml</name>
        <arraytype>6</arraytype>
        <centerX>107</centerX>
        <centerY>-37</centerY>
    </drawable>
    <drawable>
        <name>digital1.xml</name>
        <arraytype>6</arraytype>
        <centerX>498</centerX>
        <centerY>-32</centerY>
    </drawable>
    <drawable>
        <name>digital1.xml</name>
        <arraytype>6</arraytype>
        <centerX>897</centerX>
        <centerY>-31</centerY>
    </drawable>
    <drawable>
        <name>image2.png</name>
    </drawable>
    <drawable>
        <name>digital2.xml</name>
        <arraytype>3</arraytype>
        <centerX>33</centerX>
        <centerY>-86</centerY>
    </drawable>
    <drawable>
        <name>digital3.xml</name>
        <arraytype>3</arraytype>
        <centerX>24</centerX>
        <centerY>-86</centerY>
    </drawable>
    <drawable>
        <name>digital4.xml</name>
        <arraytype>5</arraytype>
        <centerX>-52</centerX>
        <centerY>-86</centerY>
    </drawable>
    <drawable>
        <name>digital5.xml</name>
        <arraytype>5</arraytype>
        <centerX>-63</centerX>
        <centerY>-86</centerY>
    </drawable>
    <drawable>
        <name>digital6.xml</name>
        <arraytype>4</arraytype>
        <centerX>-130</centerX>
        <centerY>-86</centerY>
    </drawable>
    <drawable>
        <name>digital7.xml</name>
        <arraytype>4</arraytype>
        <centerX>-139</centerX>
        <centerY>-86</centerY>
    </drawable>
    <drawable>
        <name>digital8.xml</name>
        <arraytype>7</arraytype>
        <centerX>-135</centerX>
        <centerY>-35</centerY>
    </drawable>
    <drawable>
        <name>digital9.xml</name>
        <arraytype>7</arraytype>
        <centerX>-110</centerX>
        <centerY>-35</centerY>
    </drawable>
    <drawable>
        <name>digital10.xml</name>
        <arraytype>8</arraytype>
        <centerX>-17</centerX>
        <centerY>-35</centerY>
    </drawable>
    <drawable>
        <name>digital11.xml</name>
        <arraytype>8</arraytype>
        <centerX>7</centerX>
        <centerY>-35</centerY>
    </drawable>
    <drawable>
        <name>digital12.xml</name>
        <arraytype>14</arraytype>
        <centerX>142</centerX>
        <centerY>-86</centerY>
    </drawable>
    <drawable>
        <name>digital13.xml</name>
        <arraytype>14</arraytype>
        <centerX>139</centerX>
        <centerY>-86</centerY>
    </drawable>
    <drawable>
        <name>digital14.xml</name>
        <arraytype>9</arraytype>
        <centerX>155</centerX>
        <centerY>-28</centerY>
    </drawable>
    <drawable>
        <name>digital15.xml</name>
        <arraytype>12</arraytype>
        <centerX>108</centerX>
        <centerY>46</centerY>
    </drawable>
    <drawable>
        <name>digital16.xml</name>
        <arraytype>13</arraytype>
        <centerX>54</centerX>
        <centerY>121</centerY>
    </drawable>
    <drawable>
        <name>digital17.xml</name>
        <arraytype>54</arraytype>
        <centerX>-43</centerX>
        <centerY>121</centerY>
    </drawable>
    <drawable>
        <name>digital18.xml</name>
        <arraytype>10</arraytype>
        <centerX>-34</centerX>
        <centerY>159</centerY>
    </drawable>
    <drawable>
        <name>digital19.xml</name>
        <arraytype>11</arraytype>
        <centerX>45</centerX>
        <centerY>159</centerY>
    </drawable>
    <drawable>
        <name>digital20.xml</name>
        <arraytype>60</arraytype>
        <centerX>-56</centerX>
        <centerY>46</centerY>
    </drawable>
    <drawable>
        <name>animated_image_1.xml</name>
        <arraytype>62</arraytype>
        <centerX>120</centerX>
        <centerY>125</centerY>
    </drawable>
    <drawable>
        <name>animated_image_1_bf.xml</name>
        <arraytype>62</arraytype>
    </drawable>
    <drawable>
        <name>animated_image_2.xml</name>
        <arraytype>62</arraytype>
        <centerX>-146</centerX>
        <centerY>37</centerY>
    </drawable>
    <drawable>
        <name>animated_image_2_bf.xml</name>
        <arraytype>62</arraytype>
    </drawable>
    <drawable>
        <name>animated_image_3.xml</name>
        <arraytype>62</arraytype>
        <centerX>-146</centerX>
        <centerY>57</centerY>
    </drawable>
    <drawable>
        <name>animated_image_3_bf.xml</name>
        <arraytype>62</arraytype>
    </drawable>
    <drawable>
        <name>animated_image_4.xml</name>
        <arraytype>62</arraytype>
        <centerX>-119</centerX>
        <centerY>123</centerY>
    </drawable>
    <drawable>
        <name>animated_image_4_bf.xml</name>
        <arraytype>62</arraytype>
    </drawable>
</clockskin>
<!-- Created on WatchFace Designer 0.14.2 beta -->
<!-- Exported for Android 7.1+ Stock ClockSkin Engine -->
