<?xml version="1.0" encoding="utf-8"?>
<drawables>
     <image>digital18_0.png</image>
     <image>digital18_1.png</image>
     <image>digital18_2.png</image>
     <image>digital18_3.png</image>
     <image>digital18_4.png</image>
     <image>digital18_5.png</image>
     <image>digital18_6.png</image>
     <image>digital18_7.png</image>
     <image>digital18_8.png</image>
     <image>digital18_9.png</image>
     <image>digital18_10.png</image>
     <image>digital18_11.png</image>
     <image>digital18_12.png</image>
     <image>digital18_0.png</image>
     <image>digital18_1.png</image>
</drawables>
