<clockskin>
    <drawable>
        <name>image1.png</name>
    </drawable>
    <drawable>
        <name>digital1.xml</name>
        <arraytype>4</arraytype>
        <centerX>1</centerX>
        <centerY>100</centerY>
    </drawable>
    <drawable>
        <name>image2.png</name>
    </drawable>
    <drawable>
        <rotate>5</rotate>
        <direction>2</direction>
        <mulrotate>1</mulrotate>
        <name>image3.png</name>
    </drawable>
    <drawable>
        <name>image4.png</name>
    </drawable>
    <drawable>
        <rotate>1</rotate>
        <mulrotate>1</mulrotate>
        <centerX>8</centerX>
        <centerY>5</centerY>
        <name>image5.png</name>
    </drawable>
    <drawable>
        <name>animated_image_1.xml</name>
        <framerate>0.00277777777778</framerate>
        <rotate>1</rotate>
        <mulrotate>1</mulrotate>
    </drawable>
    <drawable>
        <rotate>2</rotate>
        <mulrotate>1</mulrotate>
        <centerX>9</centerX>
        <centerY>5</centerY>
        <name>image6.png</name>
    </drawable>
    <drawable>
        <name>animated_image_2.xml</name>
        <framerate>0.03333333333333</framerate>
        <rotate>2</rotate>
        <mulrotate>1</mulrotate>
    </drawable>
    <drawable>
        <rotate>3</rotate>
        <mulrotate>1</mulrotate>
        <movement>4</movement>
        <centerX>8</centerX>
        <centerY>9</centerY>
        <name>image7.png</name>
    </drawable>
    <drawable>
        <name>animated_image_3.xml</name>
        <framerate>2.00000000000000</framerate>
        <rotate>3</rotate>
        <mulrotate>1</mulrotate>
        <movement>4</movement>
    </drawable>
    <drawable>
        <name>image8.png</name>
    </drawable>
</clockskin>
