<?xml version="1.0" encoding="utf-8"?>
<clockskin>
	<drawable>
		<name>3.png</name>
	</drawable>
	<drawable>
		<name>batt.png</name>
		<centerX>24</centerX>
		<centerY>100</centerY>
	</drawable>
	<drawable>
		<name>bat.xml</name>
		<arraytype>14</arraytype>
		<centerX>-16</centerX>
		<centerY>102</centerY>
	</drawable>
	<drawable>
		<name>digital2.xml</name>
		<arraytype>5</arraytype>
		<centerX>-86</centerX>
		<centerY>33</centerY>
	</drawable>
	<drawable>
		<name>red.png</name>
		<rotate>3</rotate>
		<mulrotate>7</mulrotate>
	</drawable>
	<drawable>
		<name>green.png</name>
		<rotate>3</rotate>
		<direction>1</direction>
		<mulrotate>7</mulrotate>
	</drawable>
	<drawable>
		<name>Orange.png</name>
		<rotate>3</rotate>
		<mulrotate>8</mulrotate>
	</drawable>
	<drawable>
		<name>bleu.png</name>
		<rotate>3</rotate>
		<mulrotate>8</mulrotate>
	</drawable>
	<drawable>
		<name>white.png</name>
		<rotate>3</rotate>
		<direction>2</direction>
		<mulrotate>15</mulrotate>
	</drawable>
	<drawable>
		<name>hour_minute_array.xml</name>
		<arraytype>6</arraytype>
		<centerX>-1</centerX>
		<centerY>-17</centerY>
	</drawable>
	<drawable>
		<name>sec.xml</name>
		<arraytype>9</arraytype>
		<centerX>90</centerX>
		<centerY>12</centerY>
	</drawable>
	<drawable>
		<name>days_1.xml</name>
		<arraytype>4</arraytype>
		<centerX>-34</centerX>
		<centerY>33</centerY>
	</drawable>
	<drawable>
		<name>m.xml</name>
		<arraytype>3</arraytype>
		<centerX>17</centerX>
		<centerY>33</centerY>
	</drawable>
	<drawable>
		<name>days.xml</name>
		<arraytype>16</arraytype>
		<centerX>80</centerX>
		<centerY>33</centerY>
	</drawable>
	<drawable>
		<name>d._3.png</name>
		<centerX>46</centerX>
		<centerY>39</centerY>
	</drawable>
	<drawable>
		<name>d._4.png</name>
		<centerX>-14</centerX>
		<centerY>39</centerY>
	</drawable>
	<drawable>
		<name>d..png</name>
		<centerX>-55</centerX>
		<centerY>39</centerY>
	</drawable>
<!--COMMENTED BY ClockSkinMaker
<metadata gui='rra' version='1.4.0.0'/>
-->
</clockskin>