<?xml version="1.0" encoding="utf-8"?>
<clockskin>
	<drawable>
		<name>citizend12042-8035(4).png</name>
		<centerX>-2</centerX>
		<centerY>-2</centerY>
	</drawable>
	<drawable>
		<name>segundo.xml</name>
		<arraytype>9</arraytype>
		<centerX>-259</centerX>
		<centerY>-2</centerY>
	</drawable>
	<drawable>
		<name>horas_2.xml</name>
		<arraytype>7</arraytype>
		<centerX>-93</centerX>
		<centerY>112</centerY>
	</drawable>
	<drawable>
		<name>horas_1.xml</name>
		<arraytype>8</arraytype>
		<centerX>19</centerX>
		<centerY>103</centerY>
	</drawable>
	<drawable>
		<name>horas_num_colon.png</name>
		<centerX>-49</centerX>
		<centerY>111</centerY>
	</drawable>
	<drawable>
		<name>horas.xml</name>
		<arraytype>4</arraytype>
		<centerX>95</centerX>
		<centerY>-35</centerY>
	</drawable>
	<drawable>
		<name>s.xml</name>
		<arraytype>9</arraytype>
		<centerX>-258</centerX>
		<centerY>-2</centerY>
	</drawable>
<!--COMMENTED BY ClockSkinMaker
<metadata gui='rra' version='1.4.0.0'/>
-->
</clockskin>