<clockskin>
    <drawable>
        <name>image1.png</name>
    </drawable>
    <drawable>
        <name>animated_image_1.xml</name>
        <framerate>25.00000000000000</framerate>
    </drawable>
    <drawable>
        <name>image2.png</name>
    </drawable>
    <drawable>
        <name>animated_image_2.xml</name>
        <framerate>9.00000000000000</framerate>
    </drawable>
    <drawable>
        <name>animated_image_3.xml</name>
        <framerate>5.00000000000000</framerate>
        <centerX>0</centerX>
        <centerY>94</centerY>
    </drawable>
    <drawable>
        <name>animated_image_4.xml</name>
        <framerate>15.00000000000000</framerate>
        <centerX>109</centerX>
        <centerY>-68</centerY>
    </drawable>
    <drawable>
        <name>image3.png</name>
    </drawable>
    <drawable>
        <name>digital1.xml</name>
        <arraytype>14</arraytype>
        <centerX>94</centerX>
        <centerY>-68</centerY>
    </drawable>
    <drawable>
        <name>digital2.xml</name>
        <arraytype>6</arraytype>
        <centerX>0</centerX>
        <centerY>50</centerY>
    </drawable>
    <drawable>
        <name>digital3.xml</name>
        <arraytype>1</arraytype>
        <centerX>0</centerX>
        <centerY>138</centerY>
    </drawable>
    <drawable>
        <arraytype>99</arraytype>
    </drawable>
</clockskin>
