<?xml version="1.0" encoding="utf-8"?>
<clockskin>
	<drawable>
		<name>background.png</name>
	</drawable>
	<drawable>
		<name>days.xml</name>
		<arraytype>4</arraytype>
		<centerX>113</centerX>
		<centerY>8</centerY>
	</drawable>
	<drawable>
		<name>battery_hand.png</name>
		<rotate>6</rotate>
		<centerX>-103</centerX>
		<centerY>103</centerY>
		<direction>2</direction>
		<mulrotate>-2</mulrotate>
	</drawable>
	<drawable>
		<name>hour_hand_black_shadow.png</name>
		<rotate>1</rotate>
		<centerX>3</centerX>
		<centerY>3</centerY>
	</drawable>
	<drawable>
		<name>hour_hand_white_shadow.png</name>
		<rotate>1</rotate>
		<centerX>-1</centerX>
		<centerY>-1</centerY>
	</drawable>
	<drawable>
		<name>hour_hand.png</name>
		<rotate>1</rotate>
	</drawable>
	<drawable>
		<name>hour_hand_white_part_white_shadow.png</name>
		<rotate>1</rotate>
		<centerX>1</centerX>
		<centerY>1</centerY>
	</drawable>
	<drawable>
		<name>hour_hand_white_part_black_shadow.png</name>
		<rotate>1</rotate>
		<centerX>-1</centerX>
		<centerY>-1</centerY>
	</drawable>
	<drawable>
		<name>hour_hand_white_part.png</name>
		<rotate>1</rotate>
	</drawable>
	<drawable>
		<name>minute_hand_black_shadow.png</name>
		<rotate>2</rotate>
		<centerX>4</centerX>
		<centerY>4</centerY>
	</drawable>
	<drawable>
		<name>minute_hand_white_shadow.png</name>
		<rotate>2</rotate>
		<centerX>-1</centerX>
		<centerY>-1</centerY>
	</drawable>
	<drawable>
		<name>minute_hand.png</name>
		<rotate>2</rotate>
	</drawable>
	<drawable>
		<name>minute_hand_white_part_black_shadow.png</name>
		<rotate>2</rotate>
		<centerX>-1</centerX>
		<centerY>-1</centerY>
	</drawable>
	<drawable>
		<name>minute_hand_white_part_white_shadow.png</name>
		<rotate>2</rotate>
		<centerX>1</centerX>
		<centerY>1</centerY>
	</drawable>
	<drawable>
		<name>minute_hand_white_part.png</name>
		<rotate>2</rotate>
	</drawable>
	<drawable>
		<name>second_hand_black_shadow.png</name>
		<rotate>3</rotate>
		<centerX>5</centerX>
		<centerY>5</centerY>
	</drawable>
	<drawable>
		<name>second_hand_white_shadow.png</name>
		<rotate>3</rotate>
		<centerX>-1</centerX>
		<centerY>-1</centerY>
	</drawable>
	<drawable>
		<name>second_hand.png</name>
		<rotate>3</rotate>
	</drawable>
<!--COMMENTED BY ClockSkinMaker
<metadata gui='rra' version='2.0.0.2'/>
-->
</clockskin>