<?xml version="1.0" encoding="utf-8"?>
<clockskin>

	<drawable>
		<name>Tongue_Color_L2.png</name>
		<rotate>3</rotate>
	</drawable>

	<drawable>
		<name>Background.png</name>
	</drawable>	

	<drawable>
		<name>Minute_Hand.png</name>
		<rotate>2</rotate>
	</drawable>
	
	<drawable>
		<name>Hour_Hand.png</name>
		<rotate>1</rotate>		
	</drawable>

	<drawable>
		<name>ChamWoTail.png</name>
	</drawable>

	<drawable>
		<name>Seconds_Hand.png</name>
		<rotate>3</rotate>		
	</drawable>	

	<drawable>
		<name>Eyeball.png</name>
		<rotate>3</rotate>
		<centerX>-143</centerX>
		<centerY>-23</centerY>		
	</drawable>

</clockskin>