<clockskin>
    <drawable>
        <name>image4.png</name>
    </drawable>
    <drawable>
        <name>image2.png</name>
        <rotate>7</rotate>
        <mulrotate>1</mulrotate>
        <centerX>-23</centerX>
        <centerY>97</centerY>
    </drawable>
    <drawable>
        <name>image3.png</name>
    </drawable>
<drawable>
		<name>image4.png</name>
	</drawable>
    <drawable>
        <name>imageminutes.png</name>
        <rotate>2</rotate>
        <mulrotate>1</mulrotate>
    </drawable>
    <drawable>
        <name>imagehour.png</name>
        <rotate>1</rotate>
        <mulrotate>1</mulrotate>
    </drawable>
    <drawable>
        <name>image7.png</name>
        <rotate>3</rotate>
        <mulrotate>1</mulrotate>
    </drawable>
    <drawable>
        <name>image8.png</name>
    </drawable>
</clockskin>
