<clockskin>
    <drawable>
        <name>image1.png</name>
    </drawable>
    <drawable>
        <name>digital1.xml</name>
        <arraytype>14</arraytype>
        <centerX>126</centerX>
        <centerY>127</centerY>
    </drawable>
    <drawable>
        <name>digital2.xml</name>
        <arraytype>14</arraytype>
        <centerX>526</centerX>
        <centerY>127</centerY>
    </drawable>
    <drawable>
        <name>digital3.xml</name>
        <arraytype>14</arraytype>
        <centerX>926</centerX>
        <centerY>127</centerY>
    </drawable>
    <drawable>
        <name>digital4.xml</name>
        <arraytype>14</arraytype>
        <centerX>145</centerX>
        <centerY>77</centerY>
    </drawable>
    <drawable>
        <name>digital5.xml</name>
        <arraytype>14</arraytype>
        <centerX>545</centerX>
        <centerY>77</centerY>
    </drawable>
    <drawable>
        <name>digital6.xml</name>
        <arraytype>14</arraytype>
        <centerX>945</centerX>
        <centerY>77</centerY>
    </drawable>
    <drawable>
        <name>digital7.xml</name>
        <arraytype>12</arraytype>
        <centerX>-940</centerX>
        <centerY>72</centerY>
    </drawable>
    <drawable>
        <name>digital8.xml</name>
        <arraytype>12</arraytype>
        <centerX>-540</centerX>
        <centerY>72</centerY>
    </drawable>
    <drawable>
        <name>digital9.xml</name>
        <arraytype>12</arraytype>
        <centerX>-140</centerX>
        <centerY>72</centerY>
    </drawable>
    <drawable>
        <name>digital10.xml</name>
        <arraytype>12</arraytype>
        <centerX>260</centerX>
        <centerY>72</centerY>
    </drawable>
    <drawable>
        <name>image2.png</name>
    </drawable>
    <drawable>
        <name>digital11.xml</name>
        <arraytype>7</arraytype>
        <centerX>3</centerX>
        <centerY>53</centerY>
    </drawable>
    <drawable>
        <name>digital12.xml</name>
        <arraytype>7</arraytype>
        <centerX>3</centerX>
        <centerY>53</centerY>
    </drawable>
    <drawable>
        <name>digital13.xml</name>
        <arraytype>8</arraytype>
        <centerX>3</centerX>
        <centerY>136</centerY>
    </drawable>
    <drawable>
        <name>digital14.xml</name>
        <arraytype>8</arraytype>
        <centerX>3</centerX>
        <centerY>136</centerY>
    </drawable>
    <drawable>
        <name>digital15.xml</name>
        <arraytype>4</arraytype>
        <centerX>1</centerX>
        <centerY>-138</centerY>
    </drawable>
    <drawable>
        <name>digital16.xml</name>
        <arraytype>4</arraytype>
        <centerX>1</centerX>
        <centerY>-138</centerY>
    </drawable>
    <drawable>
        <name>image3.png</name>
    </drawable>
    <drawable>
        <arraytype>100</arraytype>
        <centerX>2</centerX>
        <centerY>-21</centerY>
        <range>46</range>
        <cls>com.sprots.wiiteer.fitness.module.main.ui.MainActivity</cls>
        <pkg>com.sprots.wiiteer.fitness</pkg>
    </drawable>
</clockskin>
<!-- Created on WatchFace Designer 0.14.2 beta -->
<!-- Exported for Android 7.1+ Stock ClockSkin Engine -->
