<?xml version="1.0" encoding="utf-8"?>
<drawables>
	<image>codec-batt-low.png</image>
	<image>codec-batt-1.png</image>
	<image>codec-batt-2.png</image>
	<image>codec-batt-3.png</image>
	<image>codec-batt-4.png</image>
	<image>codec-batt-5.png</image>
	<image>codec-batt-6.png</image>
	<image>codec-batt-7.png</image>
	<image>codec-batt-8.png</image>
	<image>codec-batt-max_1.png</image>
	<image>codec-bars_1.png</image>
<!--COMMENTED BY ClockSkinMaker
<metadata gui='rra' version='1.4.8.0' type='array_battery_level' autoscale='1' font='Times New Roman' fontstyle='Regular' fontsize='21,67196'>
<content>0</content>
<content>1</content>
<content>2</content>
<content>3</content>
<content>4</content>
<content>5</content>
<content>6</content>
<content>7</content>
<content>8</content>
<content>9</content>
<content></content>
<content></content>
</metadata>
-->
</drawables>