<?xml version="1.0" encoding="utf-8"?>
<drawables>
	<image>batt_none.png</image>
	<image>codec-batt-max.png</image>
	<image>batt_none.png</image>
	<image>batt_none.png</image>
	<image>batt_none.png</image>
	<image>batt_none.png</image>
	<image>batt_none.png</image>
	<image>batt_none.png</image>
	<image>batt_none.png</image>
	<image>batt_none.png</image>
	<image>batt_none.png</image>
<!--COMMENTED BY ClockSkinMaker
<metadata gui='rra' version='1.4.8.0' type='array_battery_level' autoscale='0' font='Times New Roman' fontstyle='Regular' fontsize='21,67196'>
<content>0</content>
<content>1</content>
<content>2</content>
<content>3</content>
<content>4</content>
<content>5</content>
<content>6</content>
<content>7</content>
<content>8</content>
<content>9</content>
<content></content>
<content></content>
</metadata>
-->
</drawables>