<?xml version="1.0" encoding="utf-8"?>
<clockskin>
	<drawable>
		<name>batt.xml</name>
		<arraytype>14</arraytype>
		<centerY>-2</centerY>
	</drawable>
	<drawable>
		<name>battfix.xml</name>
		<arraytype>14</arraytype>
		<centerX>104</centerX>
		<centerY>-3</centerY>
	</drawable>
	<drawable>
		<name>weather_array.xml</name>
		<arraytype>10</arraytype>
		<centerX>142</centerX>
	</drawable>
	<drawable>
		<name>faces.xml</name>
		<arraytype>5</arraytype>
		<centerX>-142</centerX>
		<centerY>-1</centerY>
	</drawable>
	<drawable>
		<name>codec-base.png</name>
	</drawable>
	<drawable>
		<name>hour.xml</name>
		<arraytype>6</arraytype>
		<centerX>14</centerX>
		<centerY>13</centerY>
	</drawable>
	<drawable>
		<name>day_1.xml</name>
		<arraytype>4</arraytype>
		<centerX>-62</centerX>
		<centerY>131</centerY>
	</drawable>
	<drawable>
		<name>day.xml</name>
		<arraytype>5</arraytype>
		<centerX>79</centerX>
		<centerY>92</centerY>
	</drawable>
	<drawable>
		<name>month.xml</name>
		<arraytype>3</arraytype>
		<centerX>71</centerX>
		<centerY>131</centerY>
	</drawable>
	<drawable>
		<arraytype>99</arraytype>
		<centerX>-30</centerX>
		<centerY>-81</centerY>
	</drawable>
	<drawable>
		<name>call-button.xml</name>
		<arraytype>6</arraytype>
		<centerY>-119</centerY>
	</drawable>
<!--COMMENTED BY ClockSkinMaker
<metadata gui='rra' version='1.4.8.0'/>
-->
</clockskin>