<?xml version="1.0" encoding="utf-8"?>
<drawables>
	<image>day_sun.png</image>
	<image>day_mon.png</image>
	<image>day_tue.png</image>
	<image>day_wed.png</image>
	<image>day_thu.png</image>
	<image>day_fri.png</image>
	<image>day_sat.png</image>
<!--COMMENTED BY ClockSkinMaker
<metadata gui='rra' version='1.4.8.0' type='array_weekday' forecolor='FFFFFF' autoscale='0' font='Helvetica' fontstyle='Regular' fontsize='21'>
<content>Sunday</content>
<content>Monday</content>
<content>Tuesday</content>
<content>Wednesday</content>
<content>Thursday</content>
<content>Friday</content>
<content>Saturday</content>
</metadata>
-->
</drawables>