<?xml version="1.0" encoding="utf-8"?>
<drawables>
	<image>faces_sun.png</image>
	<image>faces_mon.png</image>
	<image>faces_tue.png</image>
	<image>faces_wed.png</image>
	<image>faces_thu.png</image>
	<image>faces_fri.png</image>
	<image>faces_sat.png</image>
<!--COMMENTED BY ClockSkinMaker
<metadata gui='rra' version='1.4.8.0' type='array_weekday' autoscale='1' font='Times New Roman' fontstyle='Regular' fontsize='12,8974'>
<content>dim.</content>
<content>lun.</content>
<content>mar.</content>
<content>mer.</content>
<content>jeu.</content>
<content>ven.</content>
<content>sam.</content>
</metadata>
-->
</drawables>