<?xml version="1.0" encoding="utf-8"?>
<drawables>
	<image>month_jan.png</image>
	<image>month_feb.png</image>
	<image>month_mar.png</image>
	<image>month_apr.png</image>
	<image>month_may.png</image>
	<image>month_jun.png</image>
	<image>month_jul.png</image>
	<image>month_aug.png</image>
	<image>month_sep.png</image>
	<image>month_oct.png</image>
	<image>month_nov.png</image>
	<image>month_dec.png</image>
<!--COMMENTED BY ClockSkinMaker
<metadata gui='rra' version='1.4.8.0' type='array_month' forecolor='FFFFFF' autoscale='0' font='Helvetica' fontstyle='Regular' fontsize='21'>
<content>of January</content>
<content>of February</content>
<content>of March</content>
<content>of April</content>
<content>of May</content>
<content>of June</content>
<content>of July</content>
<content>of August</content>
<content>of September</content>
<content>of October</content>
<content>of November</content>
<content>of December</content>
</metadata>
-->
</drawables>