<?xml version="1.0" encoding="utf-8"?>
<drawables>
	<image>snake-nude.png</image>
	<image>snake.png</image>
	<image>snake.png</image>
	<image>snake.png</image>
	<image>snake-goes-to-the-pool.png</image>
	<image>snake-goes-to-the-pool.png</image>
	<image>snake.png</image>
	<image>snake-goes-to-the-pool.png</image>
	<image>snake.png</image>
	<image>snake.png</image>
	<image>snake-nude.png</image>
	<image>snake.png</image>
	<image>snake.png</image>
	<image>snake.png</image>
	<image>snake.png</image>
</drawables>