<?xml version="1.0" encoding="utf-8"?>
<clockskin>
   <drawable>
	<name>clock_skin_panel.png</name>
   </drawable>
   <drawable>
        <name>digital3.xml</name>
        <arraytype>14</arraytype>
        <centerX>-65</centerX>
        <centerY>-125</centerY>
    </drawable>
    <drawable>
        <rotate>3</rotate>
        <mulrotate>15</mulrotate>
        <centerX>-65</centerX>
        <centerY>-125</centerY>
        <name>rotator.png</name>
    </drawable>
    <drawable>
        <name>digital4.xml</name>
        <arraytype>1</arraytype>
        <centerX>-75</centerX>
        <centerY>60</centerY>
    </drawable>  
    <drawable>
        <name>digital1.xml</name>
        <arraytype>7</arraytype>
        <centerX>0</centerX>
        <centerY>-38</centerY>
    </drawable>
    <drawable>
        <name>digital2.xml</name>
        <arraytype>8</arraytype>
        <centerX>87</centerX>
        <centerY>-38</centerY>
    </drawable>
    <drawable>
        <name>digital7.xml</name>
        <arraytype>9</arraytype>
        <centerX>152</centerX>
        <centerY>-36</centerY>
    </drawable>
    <drawable>
        <name>digital8.xml</name>
        <arraytype>6</arraytype>
        <centerX>42</centerX>
        <centerY>-46</centerY>
    </drawable>  
      
</clockskin>
