<?xml version="1.0" encoding="utf-8"?>
<clockskin>
	<drawable>
		<name>b.png</name>
	</drawable>
	<drawable>
		<name>h.png</name>
		<rotate>1</rotate>
	</drawable>
	<drawable>
		<name>m.png</name>
		<rotate>2</rotate>
	</drawable>
	<drawable>
		<name>s1.png</name>
	</drawable>
	<drawable>
		<name>s2.png</name>
		<rotate>3</rotate>
	</drawable>
	<drawable>
		<name>cgm.png</name>
	</drawable>
<!--COMMENTED BY ClockSkinMaker
<metadata gui='rra' version='1.4.8.0'/>
-->
</clockskin>