<?xml version="1.0" encoding="utf-8"?>
<clockskin>
	<drawable>
		<name>paper1.png</name>
	</drawable>
	<drawable>
		<name>TIME.xml</name>
		<arraytype>6</arraytype>
		<centerX>-3</centerX>
		<centerY>-61</centerY>
	</drawable>
	<drawable>
		<name>sec.xml</name>
		<arraytype>9</arraytype>
		<centerX>150</centerX>
		<centerY>-43</centerY>
	</drawable>
	<drawable>
		<name>MONTH.xml</name>
		<arraytype>3</arraytype>
		<centerX>-96</centerX>
		<centerY>65</centerY>
	</drawable>
	<drawable>
		<name>wk.xml</name>
		<arraytype>5</arraytype>
		<centerX>79</centerX>
		<centerY>88</centerY>
	</drawable>
	<drawable>
		<name>cdayy.xml</name>
		<arraytype>4</arraytype>
		<centerX>-40</centerX>
		<centerY>20</centerY>
	</drawable>
	<drawable>
		<name>battery.xml</name>
		<arraytype>14</arraytype>
		<centerX>70</centerX>
		<centerY>25</centerY>
	</drawable>

--COMMENTED BY ClockSkinMaker
<metadata gui='rra' version='1.4.6.0'/>
-->
</clockskin>