<?xml version="1.0" encoding="utf-8"?>
<drawables>
	<image>MONTH_jan.png</image>
	<image>MONTH_feb.png</image>
	<image>MONTH_mar.png</image>
	<image>MONTH_apr.png</image>
	<image>MONTH_may.png</image>
	<image>MONTH_jun.png</image>
	<image>MONTH_jul.png</image>
	<image>MONTH_aug.png</image>
	<image>MONTH_sep.png</image>
	<image>MONTH_oct.png</image>
	<image>MONTH_nov.png</image>
	<image>MONTH_dec.png</image>
<!--COMMENTED BY ClockSkinMaker
<metadata gui='rra' version='1.4.6.0' type='array_month' forecolor='333333' autoscale='1' font='Extrafine' fontstyle='Regular' fontsize='22.56771'>
<content>January</content>
<content>February</content>
<content>March</content>
<content>April</content>
<content>May</content>
<content>June</content>
<content>July</content>
<content>August</content>
<content>September</content>
<content>October</content>
<content>November</content>
<content>December</content>
</metadata>
-->
</drawables>