<?xml version="1.0" encoding="utf-8"?>
<drawables>
	<image>wk_sun.png</image>
	<image>wk_mon.png</image>
	<image>wk_tue.png</image>
	<image>wk_wed.png</image>
	<image>wk_thu.png</image>
	<image>wk_fri.png</image>
	<image>wk_sat.png</image>
<!--COMMENTED BY ClockSkinMaker
<metadata gui='rra' version='1.4.6.0' type='array_weekday' forecolor='800000' autoscale='1' font='pastel' fontstyle='Bold' fontsize='25.20162'>
<content>Sunday</content>
<content>Monday</content>
<content>Tuesday</content>
<content>Wednesday</content>
<content>Thursday</content>
<content>Friday</content>
<content>Saturday</content>
</metadata>
-->
</drawables>