<?xml version="1.0" encoding="utf-8"?>
<clockskin>
	<drawable>
		<name>clock_skin_panel.png</name>
	</drawable>
	<drawable>
		<name>ASD-KRDP-trasparente.png</name>
		<centerX>4</centerX>
		<centerY>-3</centerY>
	</drawable>
	<drawable>
		<name>monthday_array.xml</name>
		<arraytype>2</arraytype>
		<centerX>-133</centerX>
		<centerY>-24</centerY>
	</drawable>
	<drawable>
		<name>temp_array.xml</name>
		<arraytype>11</arraytype>
		<centerX>152</centerX>
		<centerY>-27</centerY>
	</drawable>
	<drawable>
		<name>weather_array.xml</name>
		<arraytype>10</arraytype>
		<centerX>40</centerX>
		<centerY>126</centerY>
	</drawable>
	<drawable>
		<name>heartrate_array.xml</name>
		<arraytype>13</arraytype>
		<centerX>-56</centerX>
		<centerY>25</centerY>
	</drawable>
	<drawable>
		<name>step_array.xml</name>
		<arraytype>18</arraytype>
		<centerX>144</centerX>
		<centerY>25</centerY>
	</drawable>
	<drawable>
		<name>battery_array.xml</name>
		<arraytype>14</arraytype>
		<centerX>-34</centerX>
		<centerY>126</centerY>
	</drawable>
	<drawable>
		<arraytype>99</arraytype>
		<centerX>-22</centerX>
		<centerY>-125</centerY>
	</drawable>
	<drawable>
		<name>clock_skin_hour.png</name>
		<rotate>1</rotate>
	</drawable>
	<drawable>
		<name>clock_skin_minute.png</name>
		<rotate>2</rotate>
	</drawable>
	<drawable>
		<name>clock_skin_second.png</name>
		<rotate>3</rotate>
	</drawable>
<!--COMMENTED BY ClockSkinMaker
<metadata gui='rra' version='1.4.8.0'/>
-->
</clockskin>