<?xml version="1.0" encoding="UTF-8" standalone="no"?>
<clockskin>
  <drawable>
    <name>clock_skin_panel.png</name>
  </drawable>
  
  <drawable>
    <name>hour.png</name>
    <rotate>1</rotate>
  </drawable>
  
  <drawable>
    <name>minute.png</name>
    <rotate>2</rotate>
  </drawable>
  
  <drawable>
    <name>second.png</name>
    <rotate>3</rotate>
  </drawable> 

  <drawable>
    <name>time_up_down.png</name>
	<centerY>90</centerY>
    <rotate>1</rotate>
  </drawable> 

  <drawable>
    <name>time_up_down.png</name>
	<centerY>-90</centerY>
    <rotate>2</rotate>
  </drawable> 

  <drawable>
    <name>second_small.png</name>
	<centerX>-92</centerX>
    <rotate>3</rotate>
  </drawable> 
 <drawable>
	<name>week_array.xml</name>
	<centerX>78</centerX>
	<arraytype>5</arraytype>
 </drawable>  
 <drawable>
	<name>day_array.xml</name>
	<centerX>122</centerX>
	<arraytype>4</arraytype>
 </drawable>  
</clockskin>