<?xml version="1.0" encoding="utf-8"?>
<drawables>
     <image>digital2_0.png</image>
     <image>digital2_1.png</image>
     <image>digital2_2.png</image>
     <image>digital2_2.png</image>
     <image>digital2_4.png</image>
     <image>digital2_4.png</image>
     <image>digital2_6.png</image>
     <image>digital2_7.png</image>
     <image>digital2_8.png</image>
     <image>digital2_8.png</image>
     <image>digital2_0.png</image>
     <image>digital2_8.png</image>
     <image>digital2_12.png</image>
     <image>digital2_0.png</image>
     <image>digital2_1.png</image>
</drawables>
