<?xml version="1.0" encoding="utf-8"?>
<clockskin>
	<drawable>
		<name>background2.png</name>
	</drawable>
	<drawable>
		<name>array_second_1.xml</name>
		<arraytype>9</arraytype>
		<centerX>-257</centerX>
		<centerY>-44</centerY>
	</drawable>
	<drawable>
		<name>array_second_2.xml</name>
		<arraytype>9</arraytype>
		<centerX>-234</centerX>
		<centerY>-44</centerY>
	</drawable>
	<drawable>
		<name>battery_hand.png</name>
		<rotate>6</rotate>
		<centerX>1</centerX>
		<centerY>-75</centerY>
		<mulrotate>2</mulrotate>
	</drawable>
	<drawable>
		<name>array_hour.xml</name>
		<arraytype>7</arraytype>
		<centerX>-69</centerX>
		<centerY>25</centerY>
	</drawable>
	<drawable>
		<name>array_minute.xml</name>
		<arraytype>8</arraytype>
		<centerX>-69</centerX>
		<centerY>59</centerY>
	</drawable>
	<drawable>
		<name>weekday.xml</name>
		<arraytype>5</arraytype>
		<centerX>78</centerX>
		<centerY>23</centerY>
	</drawable>
	<drawable>
		<name>array_day.xml</name>
		<arraytype>4</arraytype>
		<centerX>77</centerX>
		<centerY>59</centerY>
	</drawable>
	<drawable>
		<name>hour_hand_shadow.png</name>
		<rotate>1</rotate>
		<centerX>2</centerX>
		<centerY>2</centerY>
	</drawable>
	<drawable>
		<name>hour_hand.png</name>
		<rotate>1</rotate>
	</drawable>
	<drawable>
		<name>minute_hand_shadow.png</name>
		<rotate>2</rotate>
		<centerX>3</centerX>
		<centerY>3</centerY>
	</drawable>
	<drawable>
		<name>minute_hand.png</name>
		<rotate>2</rotate>
	</drawable>
<!--COMMENTED BY ClockSkinMaker
<metadata gui='rra' version='2.0.0.2'/>
-->
</clockskin>