<?xml version="1.0" encoding="utf-8"?>
<clockskin>
	<drawable>
		<name>share11.png</name>
	</drawable>
	<drawable>
		<name>days.xml</name>
		<arraytype>4</arraytype>
		<centerX>120</centerX>
	</drawable>
	<drawable>
		<name>week.xml</name>
		<arraytype>5</arraytype>
		<centerX>-84</centerX>
		<centerY>-45</centerY>
	</drawable>
	<drawable>
		<name>month.xml</name>
		<arraytype>3</arraytype>
		<centerX>-80</centerX>
		<centerY>20</centerY>
	</drawable>
	<drawable>
		<name>.img1401.png</name>
		<rotate>1</rotate>
	</drawable>
	<drawable>
		<name>.img1404.png</name>
		<rotate>2</rotate>
	</drawable>
	<drawable>
		<name>.img1406.png</name>
		<rotate>3</rotate>
	</drawable>
<!--COMMENTED BY ClockSkinMaker
<metadata gui='rra' version='1.4.8.0'/>
-->
</clockskin>