<?xml version="1.0" encoding="utf-8"?>
<clockskin>
	<drawable>
		<name>Turbina.png</name>
		<rotate>3</rotate>
	</drawable> 
        <drawable>
		<name>image5.png</name>
	</drawable>
	<drawable>
		<name>image2.png</name>
	</drawable>
        <drawable>
		<name>Turbina1_1.png</name>
		<rotate>3</rotate>
		<centerX>-112</centerX>
		<centerY>-2</centerY>
		<mulrotate>2</mulrotate>
	</drawable>
	<drawable>
		<name>Turbina1.png</name>
		<rotate>3</rotate>
		<centerX>-2</centerX>
		<centerY>-94</centerY>
		<mulrotate>2</mulrotate>
	</drawable>
        <drawable>
		<name>image7.png</name>
	</drawable>
        <drawable>
		<name>image8.png</name>
	</drawable>
        <drawable>
		<name>ura.xml</name>
		<arraytype>6</arraytype>
		<centerX>-112</centerX>
	</drawable>
	<drawable>
		<name>BUGATTI.png</name>
	</drawable>
       <drawable>
		<name>mesec.xml</name>
		<arraytype>3</arraytype>
	</drawable>  
        <drawable>
		<name>digital10.xml</name>
		<arraytype>5</arraytype>
	</drawable>
	<drawable>
		<name>image1.png</name>
	</drawable>  
	<drawable>
		<name>bat.xml</name>
		<arraytype>14</arraytype>
		<centerX>3</centerX>
		<centerY>103</centerY>
	</drawable>
	<drawable>
		<name>digital14.xml</name>
		<arraytype>61</arraytype>
	</drawable>
	<drawable>
		<name>digital8.xml</name>
		<arraytype>12</arraytype>
	</drawable>
	<drawable>
		<name>digital9.xml</name>
		<arraytype>12</arraytype>
		<centerX>400</centerX>
	</drawable>
        <drawable>
        <rotate>13</rotate>
        <rotatemode>3</rotatemode>
        <startAngle>0</startAngle>
        <angle>180</angle>
        <direction>1</direction>
        <mulrotate>-2</mulrotate>
        <centerX>0</centerX>
        <centerY>0</centerY>
        <name>image4.png</name>
    </drawable>
    <drawable>
		<name>image3.png</name>
	</drawable> 
        <drawable>
		<name>digital1_1.xml</name>
		<arraytype>4</arraytype>
		<centerX>300</centerX>
		<centerY>-55</centerY>
	</drawable>
	<drawable>
		<name>digital1.xml</name>
		<arraytype>4</arraytype>
		<centerX>-82</centerX>
		<centerY>-63</centerY>
	</drawable> 
        <drawable>
		<name>image6.png</name>
	</drawable>  
        <drawable>
		<name>BUGATTI ure.png</name>
		<rotate>1</rotate>
	</drawable>
	<drawable>
		<name>BUGATTI min.png</name>
		<rotate>2</rotate>
	</drawable>   
        <drawable>
        <arraytype>100</arraytype>
        <centerX>5</centerX>
        <centerY>171</centerY>
        <range>30</range>
        <cls>com.android.watchweather.MainNewActivity</cls>
        <pkg>com.android.watchweather</pkg>
    </drawable> 
     <drawable>
        <arraytype>100</arraytype>
        <centerX>-144</centerX>
        <centerY>85</centerY>
        <range>30</range>
        <cls>com.google.android.maps.MapsActivity</cls>
        <pkg>com.google.android.apps.maps</pkg>
    </drawable> 
     <drawable>
        <arraytype>100</arraytype>
        <centerX>140</centerX>
        <centerY>85</centerY>
        <range>90</range>
        <cls>com.sprots.wiiteer.fitness.module.main.ui.MainActivity</cls>
        <pkg>com.sprots.wiiteer.fitness</pkg>
    </drawable> 
<!--COMMENTED BY ClockSkinMaker
<metadata gui='rra' version='2.0.0.2'/>
-->
</clockskin>