<?xml version="1.0" encoding="utf-8"?>
<drawables>
	<image>mesec_jan.png</image>
	<image>mesec_feb.png</image>
	<image>mesec_mar.png</image>
	<image>mesec_apr.png</image>
	<image>mesec_may.png</image>
	<image>mesec_jun.png</image>
	<image>mesec_jul.png</image>
	<image>mesec_aug.png</image>
	<image>mesec_sep.png</image>
	<image>mesec_oct.png</image>
	<image>mesec_nov.png</image>
	<image>mesec_dec.png</image>
<!--COMMENTED BY ClockSkinMaker
<metadata gui='rra' version='2.0.0.2' type='array_month' autoscale='1' font='Arial Rounded MT Bold' fontstyle='Regular' fontsize='20,95498'>
<content>JAN</content>
<content>FEB</content>
<content>MAR</content>
<content>APR</content>
<content>MAJ</content>
<content>JUN</content>
<content>JUL</content>
<content>AVG</content>
<content>SEP</content>
<content>OKT</content>
<content>NOV</content>
<content>DEC</content>
</metadata>
-->
</drawables>