<clockskin>
    <drawable>
        <name>image1.png</name>
    </drawable>
    <drawable>
	<name>std.xml</name>
	<arraytype>7</arraytype>
	<centerX>-200</centerX>
    </drawable>
    <drawable>
	<name>filter.xml</name>
	<arraytype>7</arraytype>
	<centerX>200</centerX>
    </drawable>    
    <drawable>
        <name>image2.png</name>
    </drawable>
    <drawable>
        <name>digital1.xml</name>
        <arraytype>8</arraytype>
        <centerX>-217</centerX>
        <centerY>0</centerY>
    </drawable>
    <drawable>
        <name>digital2.xml</name>
        <arraytype>8</arraytype>
        <centerX>182</centerX>
        <centerY>0</centerY>
    </drawable>
    <drawable>
        <name>image3.png</name>
    </drawable>
    <drawable>
        <rotate>13</rotate>
        <rotatemode>6</rotatemode>
        <startAngle>11</startAngle>
        <angle>206</angle>
        <direction>2</direction>
        <mulrotate>1</mulrotate>
        <centerX>2</centerX>
        <centerY>-92</centerY>
        <name>image4.png</name>
    </drawable>
    <drawable>
        <rotate>13</rotate>
        <rotatemode>6</rotatemode>
        <startAngle>11</startAngle>
        <angle>206</angle>
        <direction>2</direction>
        <mulrotate>1</mulrotate>
        <centerX>0</centerX>
        <centerY>-94</centerY>
        <name>image5.png</name>
    </drawable>
    <drawable>
        <rotate>3</rotate>
        <mulrotate>1</mulrotate>
        <centerX>1</centerX>
        <centerY>96</centerY>
        <name>image6.png</name>
    </drawable>
    <drawable>
        <rotate>3</rotate>
        <mulrotate>1</mulrotate>
        <centerX>-1</centerX>
        <centerY>94</centerY>
        <name>image7.png</name>
    </drawable>
</clockskin>
