<?xml version="1.0" encoding="utf-8"?>
<clockskin>
	<drawable>
		<name>img7826.png</name>
	</drawable>
	<drawable>
		<name>clock_skin_rotate.png</name>
		<rotate>7</rotate>
		<centerY>90</centerY>
	</drawable>
	<drawable>
		<name>.img7831.png</name>
		<centerY>93</centerY>
	</drawable>
	<drawable>
		<name>weekday_array.xml</name>
		<arraytype>5</arraytype>
		<centerX>155</centerX>
	</drawable>
	<drawable>
		<name>month_array.xml</name>
		<arraytype>3</arraytype>
		<centerX>-155</centerX>
	</drawable>
	<drawable>
		<name>day_array.xml</name>
		<arraytype>4</arraytype>
		<centerY>-93</centerY>
	</drawable>
	<drawable>
		<name>1112.png</name>
		<centerX>-5</centerX>
		<centerY>88</centerY>
	</drawable>
	<drawable>
		<name>.img7840.png</name>
		<rotate>3</rotate>
		<centerY>90</centerY>
	</drawable>
	<drawable>
		<name>.img7836.png</name>
		<rotate>1</rotate>
	</drawable>
	<drawable>
		<name>.img7837.png</name>
		<rotate>2</rotate>
	</drawable>
<!--COMMENTED BY ClockSkinMaker
<metadata gui='rra' version='1.1.0.0'/>
-->
</clockskin>