<clockskin>
    <drawable>
        <name>image1.png</name>
    </drawable>
    <drawable>
        <name>digital1.xml</name>
        <arraytype>4</arraytype>
        <centerX>57</centerX>
        <centerY>-78</centerY>
    </drawable>
    <drawable>
        <arraytype>99</arraytype>
        <centerX>-27</centerX>
        <centerY>-40</centerY>
    </drawable>
    <drawable>
        <name>image2.png</name>
    </drawable>
    <drawable>
        <name>image3.png</name>
        <rotate>1</rotate>
        <mulrotate>1</mulrotate>
        <centerX>0</centerX>
        <centerY>-80</centerY>
    </drawable>
    <drawable>
        <name>image4.png</name>
        <rotate>2</rotate>
        <mulrotate>1</mulrotate>
        <centerX>0</centerX>
        <centerY>-80</centerY>
    </drawable>
    <drawable>
        <name>image5.png</name>
        <rotate>3</rotate>
        <mulrotate>1</mulrotate>
        <centerX>0</centerX>
        <centerY>-80</centerY>
    </drawable>
    <drawable>
        <name>image6.png</name>
    </drawable>
    <drawable>
        <name>image7.png</name>
        <rotate>5</rotate>
        <mulrotate>1</mulrotate>
        <centerX>57</centerX>
        <centerY>97</centerY>
    </drawable>
    <drawable>
        <name>image8.png</name>
    </drawable>
    <drawable>
        <name>image9.png</name>
        <rotate>6</rotate>
        <mulrotate>1</mulrotate>
        <centerX>133</centerX>
        <centerY>20</centerY>
    </drawable>
    <drawable>
        <name>image10.png</name>
    </drawable>
    <drawable>
        <name>image11.png</name>
        <rotate>4</rotate>
        <mulrotate>1</mulrotate>
        <centerX>-86</centerX>
        <centerY>79</centerY>
    </drawable>
    <drawable>
        <name>image12.png</name>
    </drawable>
</clockskin>
