<?xml version="1.0" encoding="utf-8"?>
<clockskin>
	<drawable>
		<name>image2.png</name>
	</drawable>
	<drawable>
		<name>background.png</name>
	</drawable>
	<drawable>
		<name>digital1.xml</name>
		<arraytype>4</arraytype>
		<centerX>125</centerX>
	</drawable>
	<drawable>
		<name>smal hand-sh_1.png</name>
		<rotate>6</rotate>
		<centerX>3</centerX>
		<centerY>-78</centerY>
		<mulrotate>2</mulrotate>
	</drawable>
	<drawable>
		<name>smal hand_1.png</name>
		<rotate>6</rotate>
		<centerY>-81</centerY>
		<mulrotate>2</mulrotate>
	</drawable>
	<drawable>
		<name>smal hand-sh.png</name>
		<rotate>7</rotate>
		<centerX>2</centerX>
		<centerY>90</centerY>
	</drawable>
	<drawable>
		<name>smal hand.png</name>
		<rotate>7</rotate>
		<centerX>-1</centerX>
		<centerY>88</centerY>
	</drawable>
	<drawable>
		<name>weekday hand-sh.png</name>
		<rotate>5</rotate>
		<centerX>-79</centerX>
		<centerY>3</centerY>
	</drawable>
	<drawable>
		<name>weekday hand.png</name>
		<rotate>5</rotate>
		<centerX>-82</centerX>
	</drawable>
	<drawable>
		<name>hour-sh.png</name>
		<rotate>1</rotate>
		<centerX>4</centerX>
		<centerY>4</centerY>
	</drawable>
	<drawable>
		<name>hour.png</name>
		<rotate>1</rotate>
	</drawable>
	<drawable>
		<name>minute-sh.png</name>
		<rotate>2</rotate>
		<centerX>5</centerX>
		<centerY>5</centerY>
	</drawable>
	<drawable>
		<name>second-sh.png</name>
		<rotate>3</rotate>
		<centerX>6</centerX>
		<centerY>6</centerY>
	</drawable>
	<drawable>
		<name>minute.png</name>
		<rotate>2</rotate>
	</drawable>
	<drawable>
		<name>second.png</name>
		<rotate>3</rotate>
	</drawable>
<!--COMMENTED BY ClockSkinMaker
<metadata gui='rra' version='2.0.0.2'/>
-->
</clockskin>