<?xml version="1.0" encoding="utf-8"?>
<drawables>
     <image>animation_2_0.png</image>
     <image>animation_2_1.png</image>
     <image>animation_2_2.png</image>
     <image>animation_2_3.png</image>
     <image>animation_2_4.png</image>
     <image>animation_2_5.png</image>
     <image>animation_2_6.png</image>
     <image>animation_2_7.png</image>
     <image>animation_2_6.png</image>
     <image>animation_2_5.png</image>
     <image>animation_2_4.png</image>
     <image>animation_2_3.png</image>
     <image>animation_2_2.png</image>
     <image>animation_2_1.png</image>
     <image>animation_2_0.png</image>
     <image>animation_2_15.png</image>
     <image>animation_2_16.png</image>
     <image>animation_2_17.png</image>
     <image>animation_2_18.png</image>
     <image>animation_2_19.png</image>
     <image>animation_2_20.png</image>
     <image>animation_2_21.png</image>
     <image>image2.png</image>
     <image>animation_2_23.png</image>
     <image>animation_2_24.png</image>
     <image>animation_2_25.png</image>
     <image>animation_2_26.png</image>
     <image>animation_2_27.png</image>
     <image>animation_2_28.png</image>
     <image>animation_2_29.png</image>
     <image>animation_2_30.png</image>
     <image>animation_2_31.png</image>
     <image>animation_2_32.png</image>
     <image>animation_2_33.png</image>
     <image>animation_2_34.png</image>
     <image>animation_2_35.png</image>
     <image>animation_2_36.png</image>
     <image>animation_2_37.png</image>
     <image>animation_2_36.png</image>
     <image>animation_2_35.png</image>
     <image>animation_2_34.png</image>
     <image>animation_2_33.png</image>
     <image>animation_2_32.png</image>
     <image>animation_2_31.png</image>
     <image>animation_2_30.png</image>
     <image>animation_2_29.png</image>
     <image>animation_2_28.png</image>
     <image>animation_2_27.png</image>
     <image>animation_2_26.png</image>
     <image>animation_2_25.png</image>
     <image>animation_2_24.png</image>
     <image>animation_2_23.png</image>
     <image>image2.png</image>
     <image>animation_2_21.png</image>
     <image>animation_2_20.png</image>
     <image>animation_2_19.png</image>
     <image>animation_2_18.png</image>
     <image>animation_2_17.png</image>
     <image>animation_2_16.png</image>
     <image>animation_2_15.png</image>
</drawables>
