<?xml version="1.0" encoding="utf-8"?>
<clockskin>
	<drawable>
		<name>BONE HEAD2-5.png</name>
	</drawable>
	<drawable>
		<name>9.png</name>
	</drawable>
	<drawable>
		<name>day.xml</name>
		<arraytype>4</arraytype>
		<centerX>117</centerX>
		<centerY>-15</centerY>
	</drawable>
	<drawable>
		<name>month.xml</name>
		<arraytype>3</arraytype>
		<centerX>116</centerX>
		<centerY>18</centerY>
	</drawable>
	<drawable>
		<name>bat.xml</name>
		<arraytype>14</arraytype>
		<centerY>111</centerY>
	</drawable>
	<drawable>
		<name>image5.png</name>
		<rotate>1</rotate>
	</drawable>
	<drawable>
		<name>image8.png</name>
		<rotate>2</rotate>
	</drawable>
	<drawable>
		<name>image11.png</name>
		<rotate>3</rotate>
	</drawable>
<!--COMMENTED BY ClockSkinMaker
<metadata gui='rra' version='2.0.0.2'/>
-->
</clockskin>