<clockskin>
    <drawable>
        <name>image1.png</name>
    </drawable>
    <drawable>
        <rotate>3</rotate>
        <direction>1</direction>
        <mulrotate>1</mulrotate>
        <name>image2.png</name>
    </drawable>
    <drawable>
        <name>image3.png</name>
    </drawable>
    <drawable>
        <name>digital1.xml</name>
        <arraytype>6</arraytype>
        <centerX>-43</centerX>
        <centerY>-19</centerY>
    </drawable>
    <drawable>
        <name>digital2.xml</name>
        <arraytype>4</arraytype>
        <centerX>-85</centerX>
        <centerY>45</centerY>
    </drawable>
    <drawable>
        <name>digital3.xml</name>
        <arraytype>3</arraytype>
        <centerX>-6</centerX>
        <centerY>48</centerY>
    </drawable>
    <drawable>
        <name>digital4.xml</name>
        <arraytype>14</arraytype>
        <centerX>144</centerX>
        <centerY>2</centerY>
    </drawable>
    <drawable>
        <name>image4.png</name>
    </drawable>
    <drawable>
        <rotate>3</rotate>
        <direction>1</direction>
        <mulrotate>1</mulrotate>
        <centerX>76</centerX>
        <centerY>-1</centerY>
        <name>image5.png</name>
    </drawable>
    <drawable>
        <arraytype>100</arraytype>
        <centerX>-45</centerX>
        <centerY>59</centerY>
        <range>30</range>
        <cls>com.android.calendar.AllInOneActivity</cls>
        <pkg>com.android.calendar</pkg>
    </drawable>
    <drawable>
        <arraytype>100</arraytype>
        <centerX>189</centerX>
        <centerY>1</centerY>
        <range>40</range>
        <cls>com.android.settings.Settings</cls>
        <pkg>com.android.settings</pkg>
    </drawable>
</clockskin>
<!-- Created on WatchFace Designer 0.14.2 beta -->
<!-- Exported for Android 7.1+ Stock ClockSkin Engine -->
