<clockskin>
    <drawable>
        <rotate>7</rotate>
        <mulrotate>1</mulrotate>
        <centerX>0</centerX>
        <centerY>71</centerY>
        <name>image1.png</name>
    </drawable>
    <drawable>
        <name>image2.png</name>
    </drawable>
    <drawable>
        <rotate>4</rotate>
        <mulrotate>1</mulrotate>
        <centerX>0</centerX>
        <centerY>-84</centerY>
        <name>image3.png</name>
    </drawable>
    <drawable>
        <rotate>20</rotate>
        <mulrotate>1</mulrotate>
        <centerX>80</centerX>
        <centerY>-2</centerY>
        <name>image4.png</name>
    </drawable>
    <drawable>
        <rotate>5</rotate>
        <mulrotate>1</mulrotate>
        <centerX>-82</centerX>
        <centerY>-2</centerY>
        <name>image5.png</name>
    </drawable>
    <drawable>
        <rotate>1</rotate>
        <mulrotate>1</mulrotate>
        <name>image6.png</name>
    </drawable>
    <drawable>
        <rotate>2</rotate>
        <mulrotate>1</mulrotate>
        <name>image7.png</name>
    </drawable>
    <drawable>
        <rotate>3</rotate>
        <mulrotate>1</mulrotate>
        <name>image8.png</name>
    </drawable>
</clockskin>
