<clockskin>
    <drawable>
        <name>image1.png</name>
    </drawable>
    <drawable>
        <name>digital1.xml</name>
        <arraytype>6</arraytype>
        <centerX>-5</centerX>
        <centerY>-131</centerY>
    </drawable>
    <drawable>
        <name>digital2.xml</name>
        <arraytype>14</arraytype>
        <centerX>-2</centerX>
        <centerY>-181</centerY>
    </drawable>
    <drawable>
        <name>digital3.xml</name>
        <arraytype>10</arraytype>
        <centerX>-140</centerX>
        <centerY>-32</centerY>
    </drawable>
    <drawable>
        <name>digital4.xml</name>
        <arraytype>11</arraytype>
        <centerX>-161</centerX>
        <centerY>-14</centerY>
    </drawable>
    <drawable>
        <name>digital5.xml</name>
        <arraytype>13</arraytype>
        <centerX>-164</centerX>
        <centerY>36</centerY>
    </drawable>
    <drawable>
        <name>digital6.xml</name>
        <arraytype>12</arraytype>
        <centerX>153</centerX>
        <centerY>-12</centerY>
    </drawable>
    <drawable>
        <name>digital7.xml</name>
        <arraytype>60</arraytype>
        <centerX>163</centerX>
        <centerY>37</centerY>
    </drawable>
    <drawable>
        <name>digital8.xml</name>
        <arraytype>5</arraytype>
        <centerX>-2</centerX>
        <centerY>138</centerY>
    </drawable>
    <drawable>
        <name>digital9.xml</name>
        <arraytype>2</arraytype>
        <centerX>0</centerX>
        <centerY>163</centerY>
    </drawable>
    <drawable>
        <name>image2.png</name>
    </drawable>
</clockskin>
<!-- Created on WatchFace Designer 0.14.2 beta -->
<!-- Exported for Android 7.1+ Stock ClockSkin Engine -->
