<clockskin>
    <drawable>
        <name>image1.png</name>
    </drawable>
    <drawable>
        <rotate>3</rotate>
        <direction>2</direction>
        <mulrotate>1</mulrotate>
        <name>image2.png</name>
    </drawable>
    <drawable>
        <rotate>3</rotate>
        <direction>2</direction>
        <mulrotate>1</mulrotate>
        <name>image3.png</name>
    </drawable>
    <drawable>
        <name>image4.png</name>
    </drawable>
    <drawable>
        <name>digital1.xml</name>
        <arraytype>12</arraytype>
        <centerX>78</centerX>
        <centerY>86</centerY>
    </drawable>
    <drawable>
        <name>digital2.xml</name>
        <arraytype>13</arraytype>
        <centerX>77</centerX>
        <centerY>129</centerY>
    </drawable>
    <drawable>
        <name>digital3.xml</name>
        <arraytype>4</arraytype>
        <centerX>66</centerX>
        <centerY>-127</centerY>
    </drawable>
    <drawable>
        <name>digital4.xml</name>
        <arraytype>5</arraytype>
        <centerX>120</centerX>
        <centerY>-75</centerY>
    </drawable>
    <drawable>
        <name>digital5.xml</name>
        <arraytype>3</arraytype>
        <centerX>18</centerX>
        <centerY>-75</centerY>
    </drawable>
    <drawable>
        <name>digital6.xml</name>
        <arraytype>10</arraytype>
        <centerX>60</centerX>
        <centerY>-10</centerY>
    </drawable>
    <drawable>
        <name>digital7.xml</name>
        <arraytype>10</arraytype>
        <centerX>64</centerX>
        <centerY>49</centerY>
    </drawable>
    <drawable>
        <name>digital8.xml</name>
        <arraytype>7</arraytype>
        <centerX>-99</centerX>
        <centerY>-33</centerY>
    </drawable>
    <drawable>
        <name>digital9.xml</name>
        <arraytype>8</arraytype>
        <centerX>-100</centerX>
        <centerY>39</centerY>
    </drawable>
    <drawable>
        <name>digital10.xml</name>
        <arraytype>14</arraytype>
        <centerX>-60</centerX>
        <centerY>131</centerY>
    </drawable>
    <drawable>
        <name>digital11.xml</name>
        <arraytype>11</arraytype>
        <centerX>-62</centerX>
        <centerY>-137</centerY>
    </drawable>
</clockskin>
<!-- Created on WatchFace Designer 0.14.2 beta -->
<!-- Exported for Android 7.1+ Stock ClockSkin Engine -->
