<?xml version="1.0" encoding="utf-8"?>
<drawables>
     <image>animation_5_0.png</image>
     <image>animation_5_1.png</image>
     <image>animation_5_2.png</image>
     <image>animation_5_3.png</image>
     <image>animation_5_3.png</image>
     <image>animation_5_3.png</image>
     <image>animation_5_3.png</image>
     <image>animation_5_3.png</image>
     <image>animation_5_3.png</image>
     <image>animation_5_3.png</image>
     <image>animation_5_3.png</image>
     <image>animation_5_3.png</image>
     <image>animation_5_12.png</image>
     <image>animation_5_13.png</image>
     <image>animation_5_14.png</image>
     <image>animation_5_15.png</image>
     <image>animation_5_16.png</image>
     <image>animation_5_17.png</image>
     <image>animation_5_18.png</image>
     <image>animation_5_19.png</image>
     <image>animation_5_20.png</image>
     <image>animation_5_21.png</image>
     <image>animation_5_22.png</image>
     <image>animation_5_23.png</image>
     <image>animation_5_24.png</image>
     <image>animation_5_25.png</image>
     <image>animation_5_26.png</image>
     <image>animation_5_27.png</image>
     <image>animation_5_28.png</image>
     <image>animation_5_29.png</image>
     <image>animation_5_30.png</image>
     <image>animation_5_31.png</image>
     <image>animation_5_32.png</image>
     <image>animation_5_33.png</image>
     <image>animation_5_34.png</image>
     <image>animation_5_35.png</image>
     <image>animation_5_36.png</image>
     <image>animation_5_37.png</image>
     <image>animation_5_38.png</image>
     <image>animation_5_39.png</image>
     <image>animation_5_40.png</image>
     <image>animation_5_41.png</image>
     <image>animation_5_42.png</image>
     <image>animation_5_43.png</image>
     <image>animation_5_44.png</image>
     <image>animation_5_45.png</image>
     <image>animation_5_46.png</image>
     <image>animation_5_47.png</image>
     <image>animation_5_48.png</image>
     <image>animation_5_49.png</image>
     <image>animation_5_50.png</image>
     <image>animation_5_51.png</image>
     <image>animation_5_52.png</image>
     <image>animation_5_53.png</image>
     <image>animation_5_54.png</image>
     <image>animation_5_55.png</image>
     <image>animation_5_56.png</image>
     <image>animation_5_57.png</image>
     <image>animation_5_58.png</image>
     <image>animation_5_59.png</image>
     <image>animation_5_60.png</image>
     <image>animation_5_61.png</image>
     <image>animation_5_62.png</image>
     <image>animation_5_63.png</image>
     <image>animation_5_64.png</image>
     <image>animation_5_65.png</image>
     <image>animation_5_66.png</image>
     <image>animation_5_67.png</image>
     <image>animation_5_68.png</image>
</drawables>
