<?xml version="1.0" encoding="UTF-8" standalone="no"?>
<clockskin>
  <drawable>
    <name>clock_skin_panel.png</name>
  </drawable>
  <drawable>
    <name>clock_skin_fire.png</name>
    <rotate>3</rotate>
    <mulrotate>3</mulrotate>
  </drawable>
  <drawable>
    <name>clock_skin_firemask.png</name>
    <rotate>3</rotate>
    <mulrotate>2</mulrotate>
    <direction>2</direction>
  </drawable>
  <drawable>
    <name>clock_skin_fireGrill.png</name>
  </drawable>
  <drawable>
    <name>clock_skin_fireSecond.png</name>
    <rotate>3</rotate>
    <direction>2</direction>
  </drawable>
  <drawable>
    <name>clock_skin_second_mask.png</name>
  </drawable>
  <drawable>
    <name>weekday_array.xml</name>
    <centerX>-120</centerX>
    <arraytype>5</arraytype>
  </drawable>
  <drawable>
    <name>monthday_array.xml</name>
    <centerX>80</centerX>
    <centerY>-4</centerY>
    <arraytype>4</arraytype>
  </drawable>
  <drawable>
    <name>month_array.xml</name>
    <centerX>135</centerX>
    <arraytype>3</arraytype>
  </drawable>
  <drawable>
    <name>hourminute_array.xml</name>
    <centerX>0</centerX>
    <centerY>140</centerY>
    <arraytype>6</arraytype>
  </drawable>
  <drawable>
    <name>battery_array.xml</name>
    <centerX>-4</centerX>
    <centerY>-145</centerY>
    <arraytype>14</arraytype>
  </drawable>
  <drawable>
    <name>swordhour.png</name>
    <rotate>1</rotate>
  </drawable>
  <drawable>
    <name>swordminute.png</name>
    <rotate>2</rotate>
  </drawable>
</clockskin>