<?xml version="1.0" encoding="utf-8"?>
<drawables>
     <image>animation_1_0.png</image>
     <image>animation_1_0.png</image>
     <image>animation_1_0.png</image>
     <image>animation_1_0.png</image>
     <image>animation_1_0.png</image>
     <image>animation_1_0.png</image>
     <image>animation_1_0.png</image>
     <image>animation_1_7.png</image>
     <image>animation_1_7.png</image>
     <image>animation_1_7.png</image>
     <image>animation_1_7.png</image>
     <image>animation_1_7.png</image>
     <image>animation_1_7.png</image>
     <image>animation_1_7.png</image>
     <image>animation_1_7.png</image>
</drawables>
