<clockskin>
    <drawable>
        <name>image1.png</name>
    </drawable>
    <drawable>
        <name>digital1.xml</name>
        <arraytype>6</arraytype>
        <centerX>2</centerX>
        <centerY>-57</centerY>
    </drawable>
    <drawable>
        <name>digital2.xml</name>
        <arraytype>9</arraytype>
        <centerX>2</centerX>
        <centerY>-5</centerY>
    </drawable>
    <drawable>
        <name>digital3.xml</name>
        <arraytype>12</arraytype>
    </drawable>
    <drawable>
        <name>digital4.xml</name>
        <arraytype>12</arraytype>
        <centerX>400</centerX>
        <centerY>0</centerY>
    </drawable>
    <drawable>
        <name>digital5.xml</name>
        <arraytype>14</arraytype>
    </drawable>
    <drawable>
        <name>digital6.xml</name>
        <arraytype>14</arraytype>
        <centerX>400</centerX>
        <centerY>0</centerY>
    </drawable>
    <drawable>
        <name>digital7.xml</name>
        <arraytype>14</arraytype>
        <centerX>800</centerX>
        <centerY>0</centerY>
    </drawable>
    <drawable>
        <name>digital8.xml</name>
        <arraytype>12</arraytype>
        <centerX>-150</centerX>
        <centerY>3</centerY>
    </drawable>
    <drawable>
        <name>digital9.xml</name>
        <arraytype>54</arraytype>
        <centerX>-153</centerX>
        <centerY>-41</centerY>
    </drawable>
    <drawable>
        <name>digital10.xml</name>
        <arraytype>5</arraytype>
        <centerX>-84</centerX>
        <centerY>-119</centerY>
    </drawable>
    <drawable>
        <name>digital11.xml</name>
        <arraytype>4</arraytype>
        <centerX>-73</centerX>
        <centerY>-156</centerY>
    </drawable>
    <drawable>
        <name>digital12.xml</name>
        <arraytype>13</arraytype>
        <centerX>153</centerX>
        <centerY>-41</centerY>
    </drawable>
    <drawable>
        <name>digital13.xml</name>
        <arraytype>51</arraytype>
        <centerX>117</centerX>
        <centerY>-120</centerY>
    </drawable>
    <drawable>
        <name>digital14.xml</name>
        <arraytype>11</arraytype>
        <centerX>70</centerX>
        <centerY>-157</centerY>
    </drawable>
    <drawable>
        <name>digital15.xml</name>
        <arraytype>14</arraytype>
        <centerX>153</centerX>
        <centerY>0</centerY>
    </drawable>
    <drawable>
        <name>animated_image_1.xml</name>
        <arraytype>62</arraytype>
        <centerX>0</centerX>
        <centerY>78</centerY>
    </drawable>
    <drawable>
        <arraytype>100</arraytype>
        <centerX>70</centerX>
        <centerY>-122</centerY>
        <range>27</range>
        <cls>com.android.mms.ui.BootActivity</cls>
        <pkg>com.android.mms</pkg>
    </drawable>
</clockskin>
<!-- Created on WatchFace Designer 0.14.2 beta -->
<!-- Exported for Android 7.1+ Stock ClockSkin Engine -->
