<?xml version="1.0" encoding="utf-8"?>
<drawables>
     <image>digital15_0.png</image>
     <image>digital15_1.png</image>
     <image>digital15_2.png</image>
     <image>digital15_3.png</image>
     <image>digital15_4.png</image>
     <image>digital15_5.png</image>
     <image>digital15_6.png</image>
     <image>digital15_7.png</image>
     <image>digital15_8.png</image>
     <image>digital15_9.png</image>
     <image>digital8_10.png</image>
     <image>digital15_11.png</image>
</drawables>
