<clockskin>
    <drawable>
        <name>image1.png</name>
    </drawable>
    <drawable>
        <rotate>3</rotate>
        <mulrotate>4</mulrotate>
        <name>image2.png</name>
    </drawable>
    <drawable>
        <name>image3.png</name>
    </drawable>
    <drawable>
        <rotate>3</rotate>
        <mulrotate>15</mulrotate>
        <centerX>112</centerX>
        <centerY>30</centerY>
        <name>image4.png</name>
    </drawable>
<drawable>
    <arraytype>100</arraytype>
    <centerX>155</centerX>
    <centerY>35</centerY>
    <range>70</range>
    <cls>com.android.deskclock.DeskClock</cls>
    <pkg>com.android.deskclock</pkg>
</drawable>
<drawable>
    <arraytype>100</arraytype>
    <centerX>0</centerX>
    <centerY>0</centerY>
    <range>60</range>
    <cls>com.google.android.apps.googleassistant.AssistantActivity</cls>
    <pkg>com.google.android.apps.googleassistant</pkg>
</drawable>
    <drawable>
        <rotate>3</rotate>
        <direction>2</direction>
        <mulrotate>15</mulrotate>
        <centerX>-88</centerX>
        <centerY>29</centerY>
        <name>image5.png</name>
    </drawable>
    <drawable>
        <name>image6.png</name>
    </drawable>
    <drawable>
        <name>digital1.xml</name>
        <arraytype>10</arraytype>
        <centerX>1</centerX>
        <centerY>-158</centerY>
    </drawable>
    <drawable>
        <name>image7.png</name>
    </drawable>
    <drawable>
        <name>digital2.xml</name>
        <arraytype>11</arraytype>
        <centerX>-11</centerX>
        <centerY>-137</centerY>
    </drawable>
    <drawable>
        <name>image8.png</name>
    </drawable>
    <drawable>
        <name>digital3.xml</name>
        <arraytype>14</arraytype>
        <centerX>111</centerX>
        <centerY>1</centerY>
    </drawable>
    <drawable>
        <name>image9.png</name>
    </drawable>
    <drawable>
        <name>digital4.xml</name>
        <arraytype>14</arraytype>
        <centerX>71</centerX>
        <centerY>135</centerY>
    </drawable>
    <drawable>
        <name>image10.png</name>
    </drawable>
    <drawable>
        <name>digital5.xml</name>
        <arraytype>14</arraytype>
        <centerX>144</centerX>
        <centerY>1</centerY>
    </drawable>
    <drawable>
        <name>digital6.xml</name>
        <arraytype>14</arraytype>
        <centerX>111</centerX>
        <centerY>1</centerY>
    </drawable>
    <drawable>
        <name>image11.png</name>
    </drawable>
    <drawable>
        <name>digital7.xml</name>
        <arraytype>9</arraytype>
        <centerX>-252</centerX>
        <centerY>82</centerY>
    </drawable>
    <drawable>
        <name>digital7.xml</name>
        <arraytype>9</arraytype>
        <centerX>73</centerX>
        <centerY>77</centerY>
    </drawable>
    <drawable>
        <name>image12.png</name>
    </drawable>
    <drawable>
        <name>digital8.xml</name>
        <arraytype>7</arraytype>
        <centerX>-65</centerX>
        <centerY>67</centerY>
    </drawable>
    <drawable>
        <name>digital9.xml</name>
        <arraytype>7</arraytype>
        <centerX>-65</centerX>
        <centerY>67</centerY>
    </drawable>
    <drawable>
        <name>digital10.xml</name>
        <arraytype>8</arraytype>
        <centerX>20</centerX>
        <centerY>67</centerY>
    </drawable>
    <drawable>
        <name>digital11.xml</name>
        <arraytype>9</arraytype>
        <centerX>82</centerX>
        <centerY>77</centerY>
    </drawable>
    <drawable>
        <name>digital12.xml</name>
        <arraytype>8</arraytype>
        <centerX>20</centerX>
        <centerY>67</centerY>
    </drawable>
    <drawable>
        <name>digital13.xml</name>
        <arraytype>9</arraytype>
        <centerX>82</centerX>
        <centerY>77</centerY>
    </drawable>
    <drawable>
        <name>digital14.xml</name>
        <arraytype>6</arraytype>
        <centerX>77</centerX>
        <centerY>106</centerY>
    </drawable>
    <drawable>
        <name>digital15.xml</name>
        <arraytype>12</arraytype>
        <centerX>-103</centerX>
        <centerY>-22</centerY>
    </drawable>
    <drawable>
        <name>digital16.xml</name>
        <arraytype>13</arraytype>
        <centerX>-105</centerX>
        <centerY>-50</centerY>
    </drawable>
    <drawable>
        <name>image13.png</name>
    </drawable>
    <drawable>
        <name>digital17.xml</name>
        <arraytype>4</arraytype>
        <centerX>-90</centerX>
        <centerY>-105</centerY>
    </drawable>
    <drawable>
        <name>digital18.xml</name>
        <arraytype>4</arraytype>
        <centerX>-89</centerX>
        <centerY>-105</centerY>
    </drawable>
    <drawable>
        <name>digital19.xml</name>
        <arraytype>5</arraytype>
        <centerX>-54</centerX>
        <centerY>-52</centerY>
    </drawable>
    <drawable>
        <name>digital20.xml</name>
        <arraytype>3</arraytype>
        <centerX>0</centerX>
        <centerY>-104</centerY>
    </drawable>
    <drawable>
        <name>digital21.xml</name>
        <arraytype>3</arraytype>
        <centerX>0</centerX>
        <centerY>-103</centerY>
    </drawable>
    <drawable>
        <name>digital22.xml</name>
        <arraytype>16</arraytype>
        <centerX>92</centerX>
        <centerY>-104</centerY>
    </drawable>
    <drawable>
        <name>digital23.xml</name>
        <arraytype>16</arraytype>
        <centerX>93</centerX>
        <centerY>-105</centerY>
    </drawable>
    <drawable>
        <name>image14.png</name>
    </drawable>
</clockskin>
