<?xml version="1.0" encoding="utf-8"?>
<clockskin>
	<drawable>
		<name>bg.png</name>
	</drawable>
	<drawable>
		<name>array_moonphase.xml</name>
		<arraytype>19</arraytype>
		<centerX>106</centerX>
		<centerY>77</centerY>
	</drawable>
	<drawable>
		<name>month_1.xml</name>
		<arraytype>16</arraytype>
		<centerX>50</centerX>
		<centerY>114</centerY>
	</drawable>
	<drawable>
		<name>msk.png</name>
		<centerX>26</centerX>
		<centerY>112</centerY>
	</drawable>
	<drawable>
		<name>ve.png</name>
		<centerX>44</centerX>
		<centerY>115</centerY>
	</drawable>
	<drawable>
		<name>date.xml</name>
		<arraytype>14</arraytype>
		<centerX>-5</centerX>
		<centerY>143</centerY>
	</drawable>
	<drawable>
		<name>pr.png</name>
		<centerX>24</centerX>
		<centerY>143</centerY>
	</drawable>
	<drawable>
		<name>hour.xml</name>
		<arraytype>6</arraytype>
		<centerX>21</centerX>
		<centerY>78</centerY>
	</drawable>
	<drawable>
		<name>month.xml</name>
		<arraytype>2</arraytype>
		<centerX>-8</centerX>
		<centerY>114</centerY>
	</drawable>
	<drawable>
		<name>fish.xml</name>
		<arraytype>9</arraytype>
		<centerX>-200</centerX>
	</drawable>
	<drawable>
		<name>shi.png</name>
	</drawable>
	<drawable>
		<name>hs.png</name>
		<rotate>1</rotate>
		<centerX>-2</centerX>
		<centerY>2</centerY>
	</drawable>
	<drawable>
		<name>h.png</name>
		<rotate>1</rotate>
	</drawable>
	<drawable>
		<name>ms.png</name>
		<rotate>2</rotate>
		<centerX>-5</centerX>
		<centerY>5</centerY>
	</drawable>
	<drawable>
		<name>m.png</name>
		<rotate>2</rotate>
	</drawable>
	<drawable>
		<name>ss.png</name>
		<rotate>3</rotate>
		<centerX>-8</centerX>
		<centerY>8</centerY>
	</drawable>
	<drawable>
		<name>s.png</name>
		<rotate>3</rotate>
	</drawable>
<!--COMMENTED BY ClockSkinMaker
<metadata gui='rra' version='1.6.0.0'/>
-->
</clockskin>