<?xml version="1.0" encoding="utf-8"?>
<clockskin>
	<drawable>
		<arraytype>99</arraytype>
		<centerX>45</centerX>
		<centerY>87</centerY>
	</drawable>
	<drawable>
		<name>24hr.png</name>
		<rotate>7</rotate>
		<centerX>72</centerX>
		<centerY>-2</centerY>
		<angle>-20</angle>
	</drawable>
	<drawable>
		<name>weekday-2.png</name>
		<rotate>5</rotate>
		<centerX>60</centerX>
		<angle>-8</angle>
	</drawable>
	<drawable>
		<name>panel_back.png</name>
	</drawable>
	<drawable>
		<name>battery-2.png</name>
		<rotate>6</rotate>
		<centerX>-49</centerX>
		<centerY>2</centerY>
		<mulrotate>-2</mulrotate>
	</drawable>
	<drawable>
		<name>panel_batt.png</name>
	</drawable>
	<drawable>
		<arraytype>99</arraytype>
		<centerX>-45</centerX>
	</drawable>
	<drawable>
		<name>date.xml</name>
		<arraytype>4</arraytype>
		<centerX>109</centerX>
		<centerY>90</centerY>
	</drawable>
	<drawable>
		<name>date_2.xml</name>
		<arraytype>4</arraytype>
		<centerX>57</centerX>
		<centerY>81</centerY>
	</drawable>
	<drawable>
		<name>month_dial-2.png</name>
		<rotate>4</rotate>
		<centerY>68</centerY>
	</drawable>
	<drawable>
		<name>panel-1.png</name>
	</drawable>
	<drawable>
		<name>25-hour.png</name>
		<rotate>1</rotate>
	</drawable>
	<drawable>
		<name>25-minute.png</name>
		<rotate>2</rotate>
	</drawable>
	<drawable>
		<name>26-second.png</name>
		<rotate>3</rotate>
	</drawable>
<!--COMMENTED BY ClockSkinMaker
<metadata gui='rra' version='1.5.0.0'/>
-->
</clockskin>