<?xml version="1.0" encoding="utf-8"?>
<drawables>
	<image>array_weekday_sun.png</image>
	<image>array_weekday_mon.png</image>
	<image>array_weekday_tue.png</image>
	<image>array_weekday_wed.png</image>
	<image>array_weekday_thu.png</image>
	<image>array_weekday_fri.png</image>
	<image>array_weekday_sat.png</image>
<!--COMMENTED BY ClockSkinMaker
<metadata gui='rra' version='1.4.8.0' type='array_weekday' forecolor='00FFFF' autoscale='1' font='Bold Dot Digital-7' fontstyle='Regular' fontsize='17.14286'>
<content>SUN</content>
<content>MON</content>
<content>TUE</content>
<content>WED</content>
<content>THU</content>
<content>FRI</content>
<content>SAT</content>
</metadata>
-->
</drawables>