<?xml version="1.0" encoding="utf-8"?>
<drawables>
	<image>array_month_jan.png</image>
	<image>array_month_feb.png</image>
	<image>array_month_mar.png</image>
	<image>array_month_apr.png</image>
	<image>array_month_may.png</image>
	<image>array_month_jun.png</image>
	<image>array_month_jul.png</image>
	<image>array_month_aug.png</image>
	<image>array_month_sep.png</image>
	<image>array_month_oct.png</image>
	<image>array_month_nov.png</image>
	<image>array_month_dec.png</image>
<!--COMMENTED BY ClockSkinMaker
<metadata gui='rra' version='1.4.8.0' type='array_month' forecolor='00FFFF' autoscale='1' font='Bold Dot Digital-7' fontstyle='Regular' fontsize='16.42857'>
<content>JAN</content>
<content>FEB</content>
<content>MAR</content>
<content>APR</content>
<content>MAY</content>
<content>JUN</content>
<content>JUL</content>
<content>AUG</content>
<content>SEP</content>
<content>OCT</content>
<content>NOV</content>
<content>DEC</content>
</metadata>
-->
</drawables>