<?xml version="1.0" encoding="utf-8"?>
<clockskin>
	<drawable>
		<name>background-alt.png</name>
		<centerY>1</centerY>
	</drawable>
	<drawable>
		<name>array_month.xml</name>
		<arraytype>3</arraytype>
		<centerX>51</centerX>
		<centerY>-68</centerY>
	</drawable>
	<drawable>
		<name>array_year.xml</name>
		<arraytype>16</arraytype>
		<centerX>50</centerX>
		<centerY>-51</centerY>
	</drawable>
	<drawable>
		<name>array_day.xml</name>
		<arraytype>4</arraytype>
		<centerX>-56</centerX>
		<centerY>-65</centerY>
	</drawable>
	<drawable>
		<name>array_weekday.xml</name>
		<arraytype>5</arraytype>
		<centerX>-12</centerX>
		<centerY>-64</centerY>
	</drawable>
	<drawable>
		<name>array_hour_minute.xml</name>
		<arraytype>6</arraytype>
		<centerY>63</centerY>
	</drawable>
	<drawable>
		<name>array_battery.xml</name>
		<arraytype>14</arraytype>
		<centerX>64</centerX>
		<centerY>17</centerY>
	</drawable>
	<drawable>
		<name>array_heartrate.xml</name>
		<arraytype>13</arraytype>
		<centerX>-48</centerX>
		<centerY>-15</centerY>
	</drawable>
	<drawable>
		<name>array_steps.xml</name>
		<arraytype>12</arraytype>
		<centerX>-40</centerX>
		<centerY>18</centerY>
	</drawable>
	<drawable>
		<name>array_second.xml</name>
		<arraytype>9</arraytype>
		<centerX>56</centerX>
		<centerY>59</centerY>
	</drawable>
	<drawable>
		<name>outer-circle-shadow.png</name>
	</drawable>
	<drawable>
		<name>hour_hand_shadow.png</name>
		<rotate>8</rotate>
		<centerX>1</centerX>
		<centerY>4</centerY>
	</drawable>
	<drawable>
		<name>hour_hand.png</name>
		<rotate>1</rotate>
	</drawable>
	<drawable>
		<name>minute_hand_shadow.png</name>
		<rotate>9</rotate>
		<centerX>3</centerX>
		<centerY>5</centerY>
	</drawable>
	<drawable>
		<name>minute_hand.png</name>
		<rotate>2</rotate>
	</drawable>
	<drawable>
		<name>second_hand_shadow.png</name>
		<rotate>10</rotate>
		<centerX>4</centerX>
		<centerY>6</centerY>
	</drawable>
	<drawable>
		<name>second_hand.png</name>
		<rotate>3</rotate>
	</drawable>
<!--COMMENTED BY ClockSkinMaker
<metadata gui='rra' version='1.4.8.0'/>
-->
</clockskin>