<clockskin>
    <drawable>
        <name>image1.png</name>
    </drawable>
    <drawable>
        <name>image2.png</name>
        <rotate>3</rotate>
        <mulrotate>14</mulrotate>
    </drawable>
    <drawable>
        <name>image3.png</name>
    </drawable>
    <drawable>
        <name>image4.png</name>
        <rotate>6</rotate>
        <mulrotate>4</mulrotate>
        <centerX>-74</centerX>
        <centerY>7</centerY>
    </drawable>
    <drawable>
        <name>image5.png</name>
    </drawable>
    <drawable>
        <name>image6.png</name>
        <rotate>1</rotate>
        <mulrotate>1</mulrotate>
        <centerX>3</centerX>
        <centerY>0</centerY>
    </drawable>
    <drawable>
        <name>image7.png</name>
        <rotate>2</rotate>
        <mulrotate>1</mulrotate>
        <centerX>4</centerX>
        <centerY>5</centerY>
    </drawable>
    <drawable>
        <name>image8.png</name>
    </drawable>
    <drawable>
        <name>image9.png</name>
        <rotate>3</rotate>
        <mulrotate>1</mulrotate>
        <centerX>0</centerX>
        <centerY>3</centerY>
    </drawable>
    <drawable>
        <name>digital1.xml</name>
        <arraytype>4</arraytype>
        <centerX>107</centerX>
        <centerY>9</centerY>
    </drawable>
</clockskin>
