<clockskin>
    <drawable>
        <name>image1.png</name>
    </drawable>
    <drawable>
        <name>digital1.xml</name>
        <arraytype>14</arraytype>
        <centerX>-400</centerX>
        <centerY>0</centerY>
    </drawable>
    <drawable>
        <name>digital2.xml</name>
        <arraytype>14</arraytype>
    </drawable>
    <drawable>
        <name>digital3.xml</name>
        <arraytype>14</arraytype>
        <centerX>400</centerX>
        <centerY>0</centerY>
    </drawable>
    <drawable>
        <name>image2.png</name>
    </drawable>
    <drawable>
        <name>digital4.xml</name>
        <arraytype>6</arraytype>
        <centerX>-68</centerX>
        <centerY>109</centerY>
    </drawable>
    <drawable>
        <name>digital5.xml</name>
        <arraytype>9</arraytype>
        <centerX>-17</centerX>
        <centerY>110</centerY>
    </drawable>
    <drawable>
        <name>digital6.xml</name>
        <arraytype>3</arraytype>
        <centerX>142</centerX>
        <centerY>38</centerY>
    </drawable>
    <drawable>
        <name>digital7.xml</name>
        <arraytype>4</arraytype>
        <centerX>141</centerX>
        <centerY>15</centerY>
    </drawable>
    <drawable>
        <name>digital8.xml</name>
        <arraytype>5</arraytype>
        <centerX>141</centerX>
        <centerY>-36</centerY>
    </drawable>
    <drawable>
        <name>digital9.xml</name>
        <arraytype>12</arraytype>
        <centerX>15</centerX>
        <centerY>153</centerY>
    </drawable>
    <drawable>
        <name>image3.png</name>
    </drawable>
</clockskin>
