<?xml version="1.0" encoding="utf-8"?>
<clockskin>
	<drawable>
		<name>turkiye-yuvarlak-logo-6483C54DD8-seeklogo.png</name>
	</drawable>
	<drawable>
		<name>day_array.xml</name>
		<arraytype>4</arraytype>
		<centerX>100</centerX>
		<centerY>5</centerY>
	</drawable>
	<drawable>
		<name>hour.png</name>
		<rotate>1</rotate>
	</drawable>
	<drawable>
		<name>minute.png</name>
		<rotate>2</rotate>
	</drawable>
	<drawable>
		<name>clock_skin_second1.png</name>
		<rotate>3</rotate>
	</drawable>
<!--COMMENTED BY ClockSkinMaker
<metadata gui='rra' version='1.4.0.0'/>
-->
</clockskin>