<?xml version="1.0" encoding="utf-8"?>
<drawables>
     <image>digital9_0.png</image>
     <image>digital9_1.png</image>
     <image>digital9_2.png</image>
     <image>digital9_3.png</image>
     <image>digital9_4.png</image>
     <image>digital9_5.png</image>
     <image>digital9_6.png</image>
     <image>digital9_7.png</image>
     <image>digital9_8.png</image>
     <image>digital9_9.png</image>
     <image>digital10_10.png</image>
     <image>digital10_11.png</image>
</drawables>
