<?xml version="1.0" encoding="utf-8"?>
<clockskin>
	<drawable>
		<name>clock_skin_background.png</name>
	</drawable>
	<drawable>
		<name>clock_skin_hour_hand.png</name>
		<rotate>1</rotate>
	</drawable>
	<drawable>
		<name>clock_skin_minute_hand.png</name>
		<rotate>2</rotate>
	</drawable>
	<drawable>
		<name>day_array.xml</name>
		<arraytype>4</arraytype>
		<centerX>118</centerX>
		<centerY>-10</centerY>
	</drawable>
<!--COMMENTED BY ClockSkinMaker
<metadata gui='rra' version='2.0.0.0'/>
-->
</clockskin>