<?xml version="1.0" encoding="utf-8"?>
<drawables> 
	<image>skinclockdigital_month_day_time_week_0_time_0.png</image>
	<image>skinclockdigital_month_day_time_week_0_time_1.png</image>
	<image>skinclockdigital_month_day_time_week_0_time_2.png</image>
	<image>skinclockdigital_month_day_time_week_0_time_3.png</image>
	<image>skinclockdigital_month_day_time_week_0_time_4.png</image>
	<image>skinclockdigital_month_day_time_week_0_time_5.png</image>
	<image>skinclockdigital_month_day_time_week_0_time_6.png</image>
	<image>skinclockdigital_month_day_time_week_0_time_7.png</image>
	<image>skinclockdigital_month_day_time_week_0_time_8.png</image>
	<image>skinclockdigital_month_day_time_week_0_time_9.png</image>
	<image>skinclockdigital_month_day_time_week_0_time_colon.png</image>
</drawables>