<?xml version="1.0" encoding="utf-8"?>
<drawables> 
	<image>skinclockdigital_month_day_time_week_0_day_0.png</image>
	<image>skinclockdigital_month_day_time_week_0_day_1.png</image>
	<image>skinclockdigital_month_day_time_week_0_day_2.png</image>
	<image>skinclockdigital_month_day_time_week_0_day_3.png</image>
	<image>skinclockdigital_month_day_time_week_0_day_4.png</image>
	<image>skinclockdigital_month_day_time_week_0_day_5.png</image>
	<image>skinclockdigital_month_day_time_week_0_day_6.png</image>
	<image>skinclockdigital_month_day_time_week_0_day_7.png</image>
	<image>skinclockdigital_month_day_time_week_0_day_8.png</image>
	<image>skinclockdigital_month_day_time_week_0_day_9.png</image>
	<image>skinclockdigital_month_day_time_week_0_day_colon.png</image>
</drawables>