<?xml version="1.0" encoding="utf-8"?>
<drawables>
	<image>skinclockdigital_month_day_time_week_0_week_7.png</image>
	<image>skinclockdigital_month_day_time_week_0_week_1.png</image>
	<image>skinclockdigital_month_day_time_week_0_week_2.png</image>
	<image>skinclockdigital_month_day_time_week_0_week_3.png</image>
	<image>skinclockdigital_month_day_time_week_0_week_4.png</image>
	<image>skinclockdigital_month_day_time_week_0_week_5.png</image>
	<image>skinclockdigital_month_day_time_week_0_week_6.png</image>
</drawables>