<?xml version="1.0" encoding="utf-8"?>
<clockskin>
	<drawable>
		<name>clock_skin_day_night.png</name>
		<rotate>7</rotate>
	</drawable>
	<drawable>
		<name>clock_skin_panel.png</name>
	</drawable>
	<drawable>
		<name>heart_rate.png</name>
		<centerX>15</centerX>
		<centerY>100</centerY>
	</drawable>
	<drawable>
		<name>steps.png</name>
		<centerX>-85</centerX>
		<centerY>157</centerY>
	</drawable>
	<drawable>
		<name>week_day_array.xml</name>
		<centerX>25</centerX>
		<centerY>55</centerY>
		<arraytype>5</arraytype>
	</drawable>
	<drawable>
		<name>day_array.xml</name>
		<centerX>25</centerX>
		<centerY>27</centerY>
		<arraytype>4</arraytype>
	</drawable>
	<drawable>
		<name>step_array.xml</name>
		<centerX>-25</centerX>
		<centerY>166</centerY>
		<arraytype>12</arraytype>
	</drawable>
	<drawable>
		<name>heartrate_array.xml</name>
		<centerX>15</centerX>
		<centerY>125</centerY>
		<arraytype>13</arraytype>
	</drawable>
	<drawable>
	<name>battery_array.xml</name>
		<centerX>0</centerX>
		<centerY>-117</centerY>
		<arraytype>14</arraytype>
	</drawable>
	<drawable>
		<name>temp_array.xml</name>
		<centerX>150</centerX>
		<centerY>83</centerY>
		<arraytype>11</arraytype>
	</drawable>
	<drawable>
		<name>weather_array.xml</name>
		<centerX>150</centerX>
		<centerY>43</centerY>
		<arraytype>10</arraytype>
	</drawable>
	<drawable>
		<name>clock_skin_hour.png</name>
		<rotate>1</rotate>
	</drawable>
	<drawable>
		<name>clock_skin_minute.png</name>
		<rotate>2</rotate>
	</drawable>
	<drawable>
		<name>clock_skin_second.png</name>
		<rotate>3</rotate>
	</drawable>
	<drawable>
		<name>clock_skin_pivot.png</name>
	</drawable>
</clockskin>