<?xml version="1.0" encoding="utf-8"?>
<drawables>
	<image>1_clock_skin_weather_sunny.png</image>
	<image>1_clock_skin_weather_cloudy.png</image>
	<image>1_clock_skin_weather_overcast.png</image>
	<image>1_clock_skin_weather_fog.png</image>
	<image>1_clock_skin_weather_rain.png</image>
	<image>1_clock_skin_weather_showers.png</image>
	<image>1_clock_skin_weather_t_storm.png</image>
	<image>1_clock_skin_weather_rainstorm.png</image>
	<image>1_clock_skin_weather_snow.png</image>
	<image>1_clock_skin_weather_rainsnow.png</image>
	<image>1_clock_skin_weather_hot.png</image>
	<image>1_clock_skin_weather_cold.png</image>
	<image>1_clock_skin_weather_windy.png</image>
	<image>1_clock_skin_weather_sunny_night.png</image>
	<image>1_clock_skin_weather_cloudy_night.png</image>
</drawables>