<?xml version="1.0" encoding="utf-8"?>
<clockskin>
	<drawable>
		<name>pozadina.png</name>
	</drawable>
	<drawable>
		<name>NOVO 5 E.png</name>
	</drawable>
	<drawable>
		<name>sat.png</name>
	</drawable>
	<drawable>
		<name>krug1_1.png</name>
		<centerX>-93</centerX>
	</drawable>
	<drawable>
		<name>krug1_2.png</name>
		<centerX>93</centerX>
	</drawable>
	<drawable>
		<name>krug1.png</name>
		<centerY>92</centerY>
	</drawable>
	<drawable>
		<name>bat.png</name>
		<centerX>-92</centerX>
	</drawable>
	<drawable>
		<name>smartw.png</name>
		<centerX>-90</centerX>
		<centerY>89</centerY>
	</drawable>
	<drawable>
		<name>sati.png</name>
		<centerX>93</centerX>
	</drawable>
	<drawable>
		<name>DAT.png</name>
		<centerX>97</centerX>
		<centerY>108</centerY>
	</drawable>
	<drawable>
		<name>week_mon_2.png</name>
		<rotate>7</rotate>
		<centerX>93</centerX>
		<startAngle>360</startAngle>
		<mulrotate>1</mulrotate>
	</drawable>
	<drawable>
		<name>week_mon.png</name>
		<rotate>6</rotate>
		<centerX>-93</centerX>
		<startAngle>-360</startAngle>
		<mulrotate>2</mulrotate>
	</drawable>
	<drawable>
		<name>week.xml</name>
		<arraytype>5</arraytype>
		<centerY>93</centerY>
	</drawable>
	<drawable>
		<name>weather_array.xml</name>
		<arraytype>10</arraytype>
		<centerX>-39</centerX>
		<centerY>-91</centerY>
	</drawable>
	<drawable>
		<name>1_weather_array.xml</name>
		<arraytype>10</arraytype>
		<centerX>49</centerX>
		<centerY>-76</centerY>
	</drawable>
	<drawable>
		<name>temp.xml</name>
		<arraytype>11</arraytype>
		<centerX>49</centerX>
		<centerY>-103</centerY>
	</drawable>
	<drawable>
		<name>day.xml</name>
		<arraytype>4</arraytype>
		<centerX>77</centerX>
		<centerY>108</centerY>
	</drawable>
	<drawable>
		<name>vel kaz.png</name>
		<rotate>1</rotate>
		<startAngle>360</startAngle>
	</drawable>
	<drawable>
		<name>MONTH.xml</name>
		<arraytype>3</arraytype>
		<centerX>114</centerX>
		<centerY>108</centerY>
	</drawable>
	<drawable>
		<name>min.png</name>
		<rotate>2</rotate>
	</drawable>
	<drawable>
		<name>clock10_second_shadow2.png</name>
		<rotate>10</rotate>
	</drawable>
	<drawable>
		<name>sec.png</name>
		<rotate>3</rotate>
	</drawable>
<!--COMMENTED BY ClockSkinMaker
<metadata gui='rra' version='1.4.0.0'/>
-->
</clockskin>