<?xml version="1.0" encoding="utf-8"?>
<clockskin>
	<drawable>
		<name>image1.png</name>
	</drawable>
	<drawable>
		<name>image2.png</name>
		<rotate>3</rotate>
		<centerX>-5</centerX>
		<centerY>91</centerY>
		<mulrotate>5</mulrotate>
	</drawable>
	<drawable>
		<name>image3.png</name>
	</drawable>
	<drawable>
		<name>image4.png</name>
		<rotate>3</rotate>
		<centerX>-151</centerX>
		<centerY>5</centerY>
		<mulrotate>3</mulrotate>
	</drawable>
	<drawable>
		<name>image5.png</name>
		<rotate>3</rotate>
		<centerX>-105</centerX>
		<centerY>6</centerY>
		<mulrotate>5</mulrotate>
	</drawable>
	<drawable>
		<name>pendulum.PNG</name>
		<rotate>3</rotate>
		<centerX>-104</centerX>
		<centerY>6</centerY>
		<mulrotate>250</mulrotate>
	</drawable>
	<drawable>
		<name>image6.png</name>
		<rotate>3</rotate>
		<centerX>-59</centerX>
		<centerY>60</centerY>
		<direction>1</direction>
		<mulrotate>2</mulrotate>
	</drawable>
	<drawable>
		<name>gear_C.png</name>
		<rotate>3</rotate>
		<centerX>-105</centerX>
		<centerY>6</centerY>
		<mulrotate>3</mulrotate>
	</drawable>
	<drawable>
		<name>image12.png</name>
	</drawable>
	<drawable>
		<name>image7.png</name>
	</drawable>
	<drawable>
		<name>digital1.xml</name>
		<arraytype>4</arraytype>
		<centerX>-52</centerX>
		<centerY>112</centerY>
	</drawable>
	<drawable>
		<name>digital2.xml</name>
		<arraytype>5</arraytype>
		<centerX>-61</centerX>
		<centerY>97</centerY>
	</drawable>
	<drawable>
		<name>image8.png</name>
		<rotate>6</rotate>
		<centerX>85</centerX>
		<centerY>7</centerY>
		<mulrotate>2</mulrotate>
	</drawable>
	<drawable>
		<name>image9.png</name>
		<rotate>1</rotate>
		<mulrotate>1</mulrotate>
	</drawable>
	<drawable>
		<name>image10.png</name>
		<rotate>2</rotate>
		<mulrotate>1</mulrotate>
	</drawable>
	<drawable>
		<name>image11.png</name>
		<rotate>3</rotate>
		<mulrotate>1</mulrotate>
	</drawable>
<!--COMMENTED BY ClockSkinMaker
<metadata gui='rra' version='1.4.0.0'/>
-->
</clockskin>