<?xml version="1.0" encoding="utf-8"?>
<clockskin>
	<drawable>
		<name>grund.png</name>
	</drawable>
	<drawable>
		<name>fluch.xml</name>
		<arraytype>8</arraytype>
		<centerX>-200</centerX>
		<centerY>-122</centerY>
	</drawable>
	<drawable>
		<name>hour.xml</name>
		<arraytype>7</arraytype>
		<centerX>-200</centerX>
		<centerY>15</centerY>
	</drawable>
	<drawable>
		<name>filter_st.xml</name>
		<arraytype>7</arraytype>
		<centerX>200</centerX>
		<centerY>15</centerY>
	</drawable>
	<drawable>
		<name>minute_v.xml</name>
		<arraytype>8</arraytype>
		<centerX>200</centerX>
		<centerY>90</centerY>
	</drawable>
	<drawable>
		<name>minute_h.xml</name>
		<arraytype>8</arraytype>
		<centerX>-200</centerX>
		<centerY>150</centerY>
	</drawable>
	<drawable>
		<name>filter_min.xml</name>
		<arraytype>8</arraytype>
		<centerX>200</centerX>
		<centerY>150</centerY>
	</drawable>
	<drawable>
		<name>gitter_u.png</name>
		<centerY>75</centerY>
	</drawable>
	<drawable>
		<name>gitter_o.png</name>
		<centerY>-105</centerY>
	</drawable>
<!--COMMENTED BY ClockSkinMaker
<metadata gui='rra' version='1.6.0.0'/>
-->
</clockskin>