<clockskin>
    <drawable>
        <name>image1.png</name>
    </drawable>
    <drawable>
        <name>digital1.xml</name>
        <arraytype>14</arraytype>
        <centerX>135</centerX>
        <centerY>59</centerY>
    </drawable>
    <drawable>
        <name>digital2.xml</name>
        <arraytype>10</arraytype>
        <centerX>-30</centerX>
        <centerY>-155</centerY>
    </drawable>
    <drawable>
        <name>image2.png</name>
    </drawable>
    <drawable>
        <name>digital3.xml</name>
        <arraytype>11</arraytype>
        <centerX>0</centerX>
        <centerY>-155</centerY>
    </drawable>
    <drawable>
        <name>digital4.xml</name>
        <arraytype>14</arraytype>
        <centerX>145</centerX>
        <centerY>0</centerY>
    </drawable>
    <drawable>
        <name>image3.png</name>
    </drawable>
    <drawable>
        <name>digital5.xml</name>
        <arraytype>14</arraytype>
        <centerX>111</centerX>
        <centerY>1</centerY>
    </drawable>
    <drawable>
        <name>digital6.xml</name>
        <arraytype>14</arraytype>
        <centerX>111</centerX>
        <centerY>1</centerY>
    </drawable>
    <drawable>
        <name>image4.png</name>
    </drawable>
    <drawable>
        <name>digital7.xml</name>
        <arraytype>5</arraytype>
        <centerX>-48</centerX>
        <centerY>-24</centerY>
    </drawable>
    <drawable>
        <name>digital8.xml</name>
        <arraytype>9</arraytype>
        <centerX>-252</centerX>
        <centerY>82</centerY>
    </drawable>
    <drawable>
        <name>digital8.xml</name>
        <arraytype>9</arraytype>
        <centerX>73</centerX>
        <centerY>77</centerY>
    </drawable>
    <drawable>
        <name>image5.png</name>
    </drawable>
    <drawable>
        <name>digital9.xml</name>
        <arraytype>7</arraytype>
        <centerX>-65</centerX>
        <centerY>67</centerY>
    </drawable>
    <drawable>
        <name>digital10.xml</name>
        <arraytype>7</arraytype>
        <centerX>-65</centerX>
        <centerY>67</centerY>
    </drawable>
    <drawable>
        <name>digital11.xml</name>
        <arraytype>8</arraytype>
        <centerX>20</centerX>
        <centerY>67</centerY>
    </drawable>
    <drawable>
        <name>digital12.xml</name>
        <arraytype>9</arraytype>
        <centerX>86</centerX>
        <centerY>77</centerY>
    </drawable>
    <drawable>
        <name>digital13.xml</name>
        <arraytype>8</arraytype>
        <centerX>20</centerX>
        <centerY>67</centerY>
    </drawable>
    <drawable>
        <name>digital14.xml</name>
        <arraytype>9</arraytype>
        <centerX>86</centerX>
        <centerY>77</centerY>
    </drawable>
    <drawable>
        <name>image6.png</name>
    </drawable>
    <drawable>
        <name>digital15.xml</name>
        <arraytype>6</arraytype>
        <centerX>-102</centerX>
        <centerY>133</centerY>
    </drawable>
    <drawable>
        <name>digital16.xml</name>
        <arraytype>6</arraytype>
        <centerX>-59</centerX>
        <centerY>133</centerY>
    </drawable>
    <drawable>
        <name>digital17.xml</name>
        <arraytype>12</arraytype>
        <centerX>-100</centerX>
        <centerY>-52</centerY>
    </drawable>
    <drawable>
        <name>digital18.xml</name>
        <arraytype>13</arraytype>
        <centerX>49</centerX>
        <centerY>-53</centerY>
    </drawable>
    <drawable>
        <name>image7.png</name>
    </drawable>
    <drawable>
        <name>digital19.xml</name>
        <arraytype>4</arraytype>
        <centerX>-88</centerX>
        <centerY>-107</centerY>
    </drawable>
    <drawable>
        <name>digital20.xml</name>
        <arraytype>4</arraytype>
        <centerX>-88</centerX>
        <centerY>-107</centerY>
    </drawable>
    <drawable>
        <name>digital21.xml</name>
        <arraytype>3</arraytype>
        <centerX>0</centerX>
        <centerY>-107</centerY>
    </drawable>
    <drawable>
        <name>digital22.xml</name>
        <arraytype>3</arraytype>
        <centerX>0</centerX>
        <centerY>-107</centerY>
    </drawable>
    <drawable>
        <name>digital23.xml</name>
        <arraytype>16</arraytype>
        <centerX>77</centerX>
        <centerY>-107</centerY>
    </drawable>
    <drawable>
        <name>digital24.xml</name>
        <arraytype>16</arraytype>
        <centerX>77</centerX>
        <centerY>-107</centerY>
    </drawable>
    <drawable>
        <name>image8.png</name>
    </drawable>
</clockskin>
