<?xml version="1.0" encoding="utf-8"?>
<drawables>
     <image>digital22_0.png</image>
     <image>digital22_1.png</image>
     <image>digital22_2.png</image>
     <image>digital22_3.png</image>
     <image>digital22_4.png</image>
     <image>digital22_5.png</image>
     <image>digital22_6.png</image>
     <image>digital22_7.png</image>
     <image>digital22_8.png</image>
     <image>digital22_9.png</image>
     <image>digital22_10.png</image>
     <image>digital22_11.png</image>
</drawables>
