<?xml version="1.0" encoding="utf-8"?>
<drawables>
     <image>digital21_0.png</image>
     <image>digital21_1.png</image>
     <image>digital21_1.png</image>
     <image>digital21_1.png</image>
     <image>digital21_1.png</image>
     <image>digital21_1.png</image>
     <image>digital21_1.png</image>
     <image>digital21_1.png</image>
     <image>digital21_1.png</image>
     <image>digital21_1.png</image>
     <image>digital21_1.png</image>
     <image>digital21_1.png</image>
</drawables>
