<clockskin>
    <drawable>
        <name>image1.png</name>
    </drawable>
    <drawable>
	<color>1</color>
        <name>animated_image_1.xml</name>
        <arraytype>62</arraytype>
        <centerX>-1</centerX>
        <centerY>-77</centerY>
    </drawable>
    <drawable>
        <name>animated_image_1_bf.xml</name>
        <arraytype>62</arraytype>
    </drawable>
    <drawable>
        <name>image2.png</name>
    </drawable>
    <drawable>
        <name>digital1.xml</name>
        <arraytype>6</arraytype>
        <centerX>0</centerX>
        <centerY>-134</centerY>
    </drawable>
    <drawable>
        <name>image3.png</name>
    </drawable>
</clockskin>
<!-- Created on WatchFace Designer 0.14.2 beta -->
<!-- Exported for Android 7.1+ Stock ClockSkin Engine -->
