<clockskin>
    <drawable>
        <name>image1.png</name>
    </drawable>
    <drawable>
        <name>digital1.xml</name>
        <arraytype>6</arraytype>
        <centerX>-63</centerX>
        <centerY>15</centerY>
    </drawable>
    <drawable>
        <name>digital2.xml</name>
        <arraytype>5</arraytype>
        <centerX>-63</centerX>
        <centerY>43</centerY>
    </drawable>
    <drawable>
        <name>digital3.xml</name>
        <arraytype>2</arraytype>
        <centerX>-63</centerX>
        <centerY>74</centerY>
    </drawable>
    <drawable>
        <name>digital4.xml</name>
        <arraytype>14</arraytype>
        <centerX>-33</centerX>
        <centerY>-78</centerY>
    </drawable>
    <drawable>
        <arraytype>99</arraytype>
        <centerX>-38</centerX>
        <centerY>-15</centerY>
    </drawable>
</clockskin>
