<?xml version="1.0" encoding="utf-8"?>
<clockskin>
	<drawable>
		<name>Unbenannt.png</name>
	</drawable>
	<drawable>
		<name>rahmen.png</name>
	</drawable>
	<drawable>
		<name>zahl_1.xml</name>
		<arraytype>7</arraytype>
		<centerX>22</centerX>
		<centerY>-94</centerY>
	</drawable>
	<drawable>
		<name>zahl.xml</name>
		<arraytype>8</arraytype>
		<centerX>101</centerX>
		<centerY>-94</centerY>
	</drawable>
<!--COMMENTED BY ClockSkinMaker
<metadata gui='rra' version='1.4.0.0'/>
-->
</clockskin>