<?xml version="1.0" encoding="utf-8"?>
<drawables>
     <image>m00.png</image>
     <image>m39.png</image>
     <image>m38.png</image>
     <image>m37.png</image>
     <image>m36.png</image>
     <image>m35.png</image>
     <image>m34.png</image>
     <image>m33.png</image>
     <image>m32.png</image>
     <image>m31.png</image>
     <image>m30.png</image>
     <image>m29.png</image>
     <image>m28.png</image>
     <image>m27.png</image>
     <image>m26.png</image>
     <image>m25.png</image>
     <image>m24.png</image>
     <image>m23.png</image>
     <image>m22.png</image>
     <image>m21.png</image>
     <image>m20.png</image>
     <image>m19.png</image>
     <image>m18.png</image>
     <image>m17.png</image>
     <image>m16.png</image>
     <image>m15.png</image>
     <image>m14.png</image>
     <image>m13.png</image>
     <image>m12.png</image>
     <image>m11.png</image>
     <image>m10.png</image>
     <image>m09.png</image>
     <image>m08.png</image>
     <image>m07.png</image>
     <image>m06.png</image>
     <image>m05.png</image>
     <image>m04.png</image>
     <image>m03.png</image>
     <image>m02.png</image>
     <image>m01.png</image>
</drawables>
