<?xml version="1.0" encoding="utf-8"?>
<clockskin>
	<drawable>
		<name>face13.png</name>
	</drawable>
	<drawable>
		<name>date_1.xml</name>
		<arraytype>4</arraytype>
		<centerX>-3</centerX>
		<centerY>-90</centerY>
	</drawable>
	<drawable>
		<name>weekday_array.xml</name>
		<arraytype>5</arraytype>
		<centerX>-70</centerX>
		<centerY>-88</centerY>
	</drawable>
	<drawable>
		<name>date_2_1.xml</name>
		<arraytype>9</arraytype>
		<centerX>83</centerX>
		<centerY>104</centerY>
	</drawable>
	<drawable>
		<name>date_2.xml</name>
		<arraytype>6</arraytype>
		<centerX>-25</centerX>
		<centerY>91</centerY>
	</drawable>
	<drawable>
		<name>pr.png</name>
		<centerX>94</centerX>
		<centerY>-88</centerY>
	</drawable>
	<drawable>
		<name>date.xml</name>
		<arraytype>14</arraytype>
		<centerX>51</centerX>
		<centerY>-90</centerY>
	</drawable>
	<drawable>
	       <name>hour_k_s.png</name> 
            <rotate>1</rotate> 
            <centerX>-3</centerX> 
            <centerY>6</centerY> 
     </drawable>
     <drawable>
            <name>hour_k.png</name> 
            <rotate>1</rotate> 
     </drawable>
     <drawable>
            <name>minute_k_s.png</name> 
            <rotate>2</rotate> 
            <centerX>-4</centerX> 
            <centerY>6</centerY> 
      </drawable>
      <drawable>
            <name>minute_k.png</name> 
            <rotate>2</rotate> 
       </drawable>
      <drawable>
            <name>sec1s.png</name> 
            <rotate>3</rotate> 
            <centerX>-5</centerX> 
            <centerY>6</centerY> 
       </drawable>
       <drawable>

            <name>sec1.png</name> 
            <rotate>3</rotate> 
       </drawable>
       <drawable>
            <color>2</color> 
            <arraytype>99</arraytype> 
            <centerX>108</centerX> 
            <centerY>-42</centerY> 
        </drawable>

<!--COMMENTED BY ClockSkinMaker
<metadata gui='rra' version='1.6.0.0'/>
-->
</clockskin>