<?xml version="1.0" encoding="utf-8"?>
<drawables>
	<image>0_2_1.png</image>
	<image>1_2_1.png</image>
	<image>2_2_1.png</image>
	<image>3_2_1.png</image>
	<image>4_2_1.png</image>
	<image>5_2_1.png</image>
	<image>6_2_1.png</image>
	<image>7_2_1.png</image>
	<image>8_2_1.png</image>
	<image>9_2_1.png</image>
	<image>col_1_1.png</image>
<!--COMMENTED BY ClockSkinMaker
<metadata gui='rra' version='1.4.8.0' type='array_day' forecolor='FFFFFF' autoscale='1' font='Times New Roman' fontstyle='Regular' fontsize='21.67196'>
<content>0</content>
<content>1</content>
<content>2</content>
<content>3</content>
<content>4</content>
<content>5</content>
<content>6</content>
<content>7</content>
<content>8</content>
<content>9</content>
<content>/</content>
</metadata>
-->
</drawables>