<?xml version="1.0" encoding="utf-8"?>
<clockskin>
	<drawable>
		<name>grund_std.png</name>
		<rotate>3</rotate>
		<centerY>300</centerY>
		<mulrotate>3</mulrotate>
	</drawable>
	<drawable>
		<name>woche.xml</name>
		<arraytype>5</arraytype>
		<centerX>-44</centerX>
	</drawable>
	<drawable>
		<name>a1.xml</name>
		<arraytype>4</arraytype>
		<centerX>152</centerX>
		<centerY>-75</centerY>
	</drawable>
	<drawable>
		<name>a2.xml</name>
		<arraytype>4</arraytype>
		<centerX>-194</centerX>
		<centerY>-75</centerY>
	</drawable>
	<drawable>
		<name>mon.xml</name>
		<arraytype>3</arraytype>
		<centerX>-137</centerX>
	</drawable>
	<drawable>
		<name>c1_1.xml</name>
		<arraytype>16</arraytype>
		<centerX>-248</centerX>
		<centerY>67</centerY>
	</drawable>
	<drawable>
		<name>c2.xml</name>
		<arraytype>16</arraytype>
		<centerX>-594</centerX>
		<centerY>75</centerY>
	</drawable>
	<drawable>
		<name>blende2.png</name>
	</drawable>
	<drawable>
		<name>std.xml</name>
		<arraytype>7</arraytype>
		<centerX>73</centerX>
		<centerY>-54</centerY>
	</drawable>
	<drawable>
		<name>min.xml</name>
		<arraytype>8</arraytype>
		<centerX>73</centerX>
		<centerY>54</centerY>
	</drawable>
	<drawable>
		<name>c1_2.xml</name>
		<arraytype>9</arraytype>
		<centerX>-37</centerX>
		<centerY>150</centerY>
	</drawable>
	<drawable>
		<name>c1.xml</name>
		<arraytype>9</arraytype>
		<centerX>320</centerX>
		<centerY>150</centerY>
	</drawable>
	<drawable>
		<name>bat1.xml</name>
		<arraytype>14</arraytype>
		<centerX>200</centerX>
		<centerY>2</centerY>
	</drawable>
<!--COMMENTED BY ClockSkinMaker
<metadata gui='rra' version='1.4.0.0'/>
-->
</clockskin>