<?xml version="1.0" encoding="utf-8"?>
<drawables>
	<image>woche_sun.png</image>
	<image>woche_mon.png</image>
	<image>woche_tue.png</image>
	<image>woche_wed.png</image>
	<image>woche_thu.png</image>
	<image>woche_fri.png</image>
	<image>woche_sat.png</image>
<!--COMMENTED BY ClockSkinMaker
<metadata gui='rra' version='1.4.0.0' type='array_weekday' forecolor='FFFFFF' autoscale='1' font='Times New Roman' fontstyle='Regular' fontsize='43,5'>
<content>So</content>
<content>Mo</content>
<content>Di</content>
<content>Mi</content>
<content>Do</content>
<content>Fr</content>
<content>Sa</content>
</metadata>
-->
</drawables>