<?xml version="1.0" encoding="utf-8"?>
<clockskin>
	<drawable>
		<name>grund.png</name>
	</drawable>
	<drawable>
		<name>h1.xml</name>
		<arraytype>7</arraytype>
		<centerX>200</centerX>
	</drawable>
	<drawable>
		<name>h2.xml</name>
		<arraytype>7</arraytype>
		<centerX>-200</centerX>
	</drawable>
	<drawable>
		<name>m1.xml</name>
		<arraytype>8</arraytype>
		<centerX>200</centerX>
	</drawable>
	<drawable>
		<name>m2.xml</name>
		<arraytype>8</arraytype>
		<centerX>-200</centerX>
	</drawable>
	<drawable>
		<name>s1.xml</name>
		<arraytype>9</arraytype>
		<centerX>200</centerX>
	</drawable>
	<drawable>
		<name>s2.xml</name>
		<arraytype>9</arraytype>
		<centerX>-200</centerX>
	</drawable>
<!--COMMENTED BY ClockSkinMaker
<metadata gui='rra' version='1.4.0.0'/>
-->
</clockskin>