<?xml version="1.0" encoding="utf-8"?>
<drawables>
	<image>earth_jan.png</image>
	<image>earth_feb.png</image>
	<image>earth_mar.png</image>
	<image>earth_apr.png</image>
	<image>earth_may.png</image>
	<image>earth_jun.png</image>
	<image>earth_jul.png</image>
	<image>earth_aug.png</image>
	<image>earth_sep.png</image>
	<image>earth_oct.png</image>
	<image>earth_nov.png</image>
	<image>earth_dec.png</image>
<!--COMMENTED BY ClockSkinMaker
<metadata gui='rra' version='1.1.0.0' type='array_month' autoscale='1' font='Transformers Movie' fontstyle='Bold' fontsize='13.97169'>
<content>Earth</content>
<content>Earth</content>
<content>Earth</content>
<content>Earth</content>
<content>Earth</content>
<content>Earth</content>
<content>Earth</content>
<content>Earth</content>
<content>Earth</content>
<content>Earth</content>
<content>Earth</content>
<content>Earth</content>
</metadata>
-->
</drawables>