<clockskin>
    <drawable>
        <name>image1.png</name>
    </drawable>
    <drawable>
        <name>digital1.xml</name>
        <arraytype>7</arraytype>
        <centerX>-134</centerX>
        <centerY>-53</centerY>
    </drawable>
    <drawable>
        <name>digital2.xml</name>
        <arraytype>8</arraytype>
        <centerX>-134</centerX>
        <centerY>27</centerY>
    </drawable>
    <drawable>
        <name>digital3.xml</name>
        <arraytype>9</arraytype>
        <centerX>-106</centerX>
        <centerY>89</centerY>
    </drawable>
    <drawable>
        <name>digital4.xml</name>
        <arraytype>14</arraytype>
        <centerX>267</centerX>
        <centerY>3</centerY>
    </drawable>
    <drawable>
        <name>digital5.xml</name>
        <arraytype>12</arraytype>
        <centerX>-85</centerX>
        <centerY>-132</centerY>
    </drawable>
    <drawable>
        <name>image2.png</name>
    </drawable>
    <drawable>
        <name>digital6.xml</name>
        <arraytype>5</arraytype>
        <centerX>-80</centerX>
        <centerY>125</centerY>
    </drawable>
    <drawable>
        <name>digital7.xml</name>
        <arraytype>3</arraytype>
        <centerX>-51</centerX>
        <centerY>147</centerY>
    </drawable>
    <drawable>
        <name>digital8.xml</name>
        <arraytype>4</arraytype>
        <centerX>-42</centerX>
        <centerY>172</centerY>
    </drawable>
    <drawable>
        <name>digital9.xml</name>
        <arraytype>16</arraytype>
        <centerX>20</centerX>
        <centerY>172</centerY>
    </drawable>
    <drawable>
        <name>image3.png</name>
    </drawable>
    <drawable>
        <name>digital10.xml</name>
        <arraytype>14</arraytype>
        <centerX>-47</centerX>
        <centerY>-173</centerY>
    </drawable>
    <drawable>
        <name>digital11.xml</name>
        <arraytype>13</arraytype>
        <centerX>49</centerX>
        <centerY>-142</centerY>
    </drawable>
    <drawable>
        <name>image4.png</name>
    </drawable>
    <drawable>
        <name>digital12.xml</name>
        <arraytype>6</arraytype>
        <centerX>20</centerX>
        <centerY>-167</centerY>
    </drawable>
    <drawable>
        <name>digital13.xml</name>
        <arraytype>6</arraytype>
        <centerX>21</centerX>
        <centerY>-169</centerY>
    </drawable>
    <drawable>
        <name>digital14.xml</name>
        <arraytype>10</arraytype>
        <centerX>-142</centerX>
        <centerY>93</centerY>
    </drawable>
</clockskin>
