<?xml version="1.0" encoding="utf-8"?>
<clockskin>
	<drawable>
		<name>back.png</name>
	</drawable>
	<drawable>
		<name>day_array.xml</name>
		<arraytype>4</arraytype>
		<centerX>102</centerX>
		<centerY>86</centerY>
	</drawable>
	<drawable>
		<name>day_array_1.xml</name>
		<arraytype>4</arraytype>
		<centerX>89</centerX>
		<centerY>108</centerY>
	</drawable>
	<drawable>
		<name>face.png</name>
	</drawable>
	<drawable>
		<name>dial_1.png</name>
		<rotate>6</rotate>
		<centerX>-95</centerX>
		<direction>1</direction>
	</drawable>
	<drawable>
		<name>dial_2.png</name>
		<rotate>5</rotate>
		<centerY>93</centerY>
	</drawable>
	<drawable>
		<name>dial_3.png</name>
		<rotate>7</rotate>
		<centerX>95</centerX>
	</drawable>
	<drawable>
		<name>hour_hand_shadow.png</name>
		<rotate>8</rotate>
		<centerY>3</centerY>
	</drawable>
	<drawable>
		<name>hour_hand.png</name>
		<rotate>1</rotate>
	</drawable>
	<drawable>
		<name>minute_hand_shadow.png</name>
		<rotate>9</rotate>
		<centerY>4</centerY>
	</drawable>
	<drawable>
		<name>minute_hand.png</name>
		<rotate>2</rotate>
	</drawable>
	<drawable>
		<name>second_hand_shadow.png</name>
		<rotate>10</rotate>
		<centerY>5</centerY>
	</drawable>
	<drawable>
		<name>second_hand.png</name>
		<rotate>3</rotate>
	</drawable>
<!--COMMENTED BY ClockSkinMaker
<metadata gui='rra' version='1.4.8.0'/>
-->
</clockskin>