<?xml version="1.0" encoding="utf-8"?>
<clockskin>
	<drawable>
		<name>lunasol3.png</name>
		<rotate>3</rotate>
		<centerX>-42</centerX>
		<centerY>-305</centerY>
		<direction>2</direction>
		<mulrotate>122</mulrotate>
	</drawable>
	<drawable>
		<name>ei.png</name>
	</drawable>
	<drawable>
		<name>wire4.png</name>
	</drawable>
	<drawable>
		<name>30MINUTE_GEAR.png</name>
		<rotate>3</rotate>
		<centerX>-125</centerX>
		<centerY>38</centerY>
	</drawable>
	<drawable>
		<name>img484.png</name>
		<rotate>3</rotate>
		<centerX>-66</centerX>
		<centerY>115</centerY>
	</drawable>
	<drawable>
		<name>image11.png</name>
		<rotate>3</rotate>
		<centerX>96</centerX>
		<centerY>78</centerY>
	</drawable>
	<drawable>
		<name>wire.png</name>
	</drawable>
	<drawable>
		<name>Hexagons_center.png</name>
		<centerY>149</centerY>
	</drawable>
	<drawable>
		<name>gear1.png</name>
		<rotate>3</rotate>
		<centerX>-88</centerX>
		<centerY>-21</centerY>
		<mulrotate>3</mulrotate>
	</drawable>
	<drawable>
		<name>gear2.png</name>
		<rotate>3</rotate>
		<centerX>-82</centerX>
		<centerY>-70</centerY>
	</drawable>
	<drawable>
		<name>wire1.png</name>
		<centerX>58</centerX>
		<centerY>-6</centerY>
	</drawable>
	<drawable>
		<name>clock_skin_panel3.png</name>
	</drawable>
	<drawable>
		<name>sec_1.xml</name>
		<arraytype>9</arraytype>
		<centerX>76</centerX>
		<centerY>51</centerY>
	</drawable>
	<drawable>
		<name>sec_2.xml</name>
		<arraytype>9</arraytype>
		<centerX>49</centerX>
		<centerY>51</centerY>
	</drawable>
	<drawable>
		<name>sec_3.xml</name>
		<arraytype>9</arraytype>
		<centerX>-36</centerX>
		<centerY>51</centerY>
	</drawable>
	<drawable>
		<name>maio.png</name>
		<centerX>-71</centerX>
		<centerY>52</centerY>
	</drawable>
	<drawable>
		<name>h.xml</name>
		<arraytype>7</arraytype>
		<centerX>47</centerX>
		<centerY>99</centerY>
	</drawable>
	<drawable>
		<name>m.xml</name>
		<arraytype>8</arraytype>
		<centerX>77</centerX>
		<centerY>99</centerY>
	</drawable>
	<drawable>
		<name>d.xml</name>
		<arraytype>4</arraytype>
		<centerX>-37</centerX>
		<centerY>99</centerY>
	</drawable>
	<drawable>
		<name>mon.xml</name>
		<arraytype>3</arraytype>
		<centerX>-73</centerX>
		<centerY>99</centerY>
	</drawable>
	<drawable>
		<name>y.xml</name>
		<arraytype>16</arraytype>
		<centerX>3</centerX>
		<centerY>99</centerY>
	</drawable>
	<drawable>
		<name>sec_4.xml</name>
		<arraytype>9</arraytype>
		<centerX>-8</centerX>
		<centerY>51</centerY>
	</drawable>
	<drawable>
		<name>sec.xml</name>
		<arraytype>9</arraytype>
		<centerX>14</centerX>
		<centerY>51</centerY>
	</drawable>
	<drawable>
		<name>da.png</name>
		<centerX>-75</centerX>
		<centerY>147</centerY>
	</drawable>
	<drawable>
		<name>st.xml</name>
		<arraytype>12</arraytype>
		<centerX>2</centerX>
		<centerY>149</centerY>
	</drawable>
	<drawable>
		<name>daytonasecond8_400shadow.png</name>
		<rotate>6</rotate>
		<centerX>136</centerX>
		<centerY>22</centerY>
		<angle>321</angle>
		<startAngle>-355</startAngle>
		<direction>2</direction>
	</drawable>
	<drawable>
		<name>pasec_1.xml</name>
		<arraytype>9</arraytype>
		<centerX>77</centerX>
		<centerY>146</centerY>
	</drawable>
	<drawable>
		<name>pasec_2.xml</name>
		<arraytype>8</arraytype>
		<centerX>47</centerX>
		<centerY>146</centerY>
	</drawable>
	<drawable>
		<name>tem.xml</name>
		<arraytype>11</arraytype>
		<centerX>168</centerX>
		<centerY>-12</centerY>
	</drawable>
	<drawable>
		<name>pasec.xml</name>
		<arraytype>13</arraytype>
		<centerX>-40</centerX>
		<centerY>147</centerY>
	</drawable>
<!--COMMENTED BY ClockSkinMaker
<metadata gui='rra' version='1.4.0.0'/>
-->
</clockskin>