<?xml version="1.0" encoding="utf-8"?>
<drawables>
	<image>mon_jan.png</image>
	<image>mon_feb.png</image>
	<image>mon_mar.png</image>
	<image>mon_apr.png</image>
	<image>mon_may.png</image>
	<image>mon_jun.png</image>
	<image>mon_jul.png</image>
	<image>mon_aug.png</image>
	<image>mon_sep.png</image>
	<image>mon_oct.png</image>
	<image>mon_nov.png</image>
	<image>mon_dec.png</image>
<!--COMMENTED BY ClockSkinMaker
<metadata gui='rra' version='1.4.0.0' type='array_month' forecolor='FFFF00' autoscale='1' font='Digital-7 Mono' fontstyle='Regular' fontsize='17,6'>
<content>jan</content>
<content>fev</content>
<content>mar</content>
<content>abr</content>
<content>mai</content>
<content>jun</content>
<content>jul</content>
<content>ago</content>
<content>set</content>
<content>out</content>
<content>nov</content>
<content>dez</content>
</metadata>
-->
</drawables>