<?xml version="1.0" encoding="utf-8"?>
<drawables>
	<image>sec_num_0_2.png</image>
	<image>sec_num_1_2.png</image>
	<image>sec_num_2_2.png</image>
	<image>sec_num_3_2.png</image>
	<image>sec_num_4_2.png</image>
	<image>sec_num_5_2.png</image>
	<image>sec_num_6_2.png</image>
	<image>sec_num_7_2.png</image>
	<image>sec_num_8_2.png</image>
	<image>sec_num_9_2.png</image>
	<image>sec_num_colon_2.png</image>
<!--COMMENTED BY ClockSkinMaker
<metadata gui='rra' version='1.4.0.0' type='array_second' forecolor='FF0000' autoscale='1' font='Digital-7 Mono' fontstyle='Regular' fontsize='13,2'>
<content>0</content>
<content>1</content>
<content>2</content>
<content>3</content>
<content>4</content>
<content>5</content>
<content>6</content>
<content>7</content>
<content>8</content>
<content>9</content>
<content>:</content>
</metadata>
-->
</drawables>