<?xml version="1.0" encoding="utf-8"?>
<clockskin>
	<drawable>
		<name>118.png</name>
		<rotate>2</rotate>
		<centerY>-75</centerY>
	</drawable>
	<drawable>
		<name>118-1.png</name>
		<rotate>1</rotate>
		<centerY>87</centerY>
	</drawable>
	<drawable>
		<name>Rolate digital1.png</name>
		<rotate>3</rotate>
		<centerX>68</centerX>
		<centerY>6</centerY>
		<direction>2</direction>
	</drawable>
	<drawable>
		<name>CYRUS.png</name>
	</drawable>
	<drawable>
		<name>day.xml</name>
		<arraytype>4</arraytype>
		<centerX>90</centerX>
		<centerY>-35</centerY>
	</drawable>
	<drawable>
		<name>image5_1.png</name>
		<rotate>1</rotate>
		<centerX>88</centerX>
	</drawable>
	<drawable>
		<name>image5.png</name>
		<rotate>2</rotate>
		<centerX>89</centerX>
	</drawable>
	<drawable>
		<name>image27.png</name>
		<rotate>3</rotate>
		<direction>1</direction>
	</drawable>
<!--COMMENTED BY ClockSkinMaker
<metadata gui='rra' version='2.0.0.2'/>
-->
</clockskin>