<?xml version="1.0" encoding="utf-8"?>
<clockskin>
    <drawable>
	<name>Array 80 Background.xml</name>
	<arraytype>80</arraytype>        
    </drawable>
    <drawable>
        <name>Array81StdSchatt.xml</name>
        <arraytype>81</arraytype>
        <mulrotate>1</mulrotate>
        <centerX>3</centerX>
        <centerY>3</centerY>
    </drawable>
    <drawable>
        <name>Array81StdHell.xml</name>
        <arraytype>81</arraytype>
        <mulrotate>1</mulrotate>
        <centerX>-1</centerX>
        <centerY>-1</centerY>
    </drawable>
    <drawable>
        <name>Array81Std.xml</name>
        <arraytype>81</arraytype>
        <mulrotate>1</mulrotate>
    </drawable>
    <drawable>
        <name>Array82MinSchatt.xml</name>
        <arraytype>82</arraytype>
        <mulrotate>1</mulrotate>
        <centerX>3</centerX>
        <centerY>3</centerY>
    </drawable>
    <drawable>
        <name>Array82MinHell.xml</name>
        <arraytype>82</arraytype>
        <mulrotate>1</mulrotate>
        <centerX>-1</centerX>
        <centerY>-1</centerY>
    </drawable>
    <drawable>
        <name>Array82Min.xml</name>
        <arraytype>82</arraytype>
        <mulrotate>1</mulrotate>
    </drawable>
    <drawable>
        <name>image3.png</name>
    </drawable>

</clockskin>