<clockskin>
    <drawable>
        <name>image1.png</name>
    </drawable>
    <drawable>
        <name>digital1.xml</name>
        <arraytype>6</arraytype>
        <centerX>-1</centerX>
        <centerY>-114</centerY>
    </drawable>
    <drawable>
        <name>digital2.xml</name>
        <arraytype>4</arraytype>
        <centerX>-66</centerX>
        <centerY>-51</centerY>
    </drawable>
    <drawable>
        <name>digital3.xml</name>
        <arraytype>5</arraytype>
        <centerX>-62</centerX>
        <centerY>-18</centerY>
    </drawable>
    <drawable>
        <name>digital4.xml</name>
        <arraytype>3</arraytype>
        <centerX>63</centerX>
        <centerY>-49</centerY>
    </drawable>
    <drawable>
        <name>digital5.xml</name>
        <arraytype>16</arraytype>
        <centerX>63</centerX>
        <centerY>-17</centerY>
    </drawable>
    <drawable>
        <name>digital6.xml</name>
        <arraytype>10</arraytype>
        <centerX>-52</centerX>
        <centerY>52</centerY>
    </drawable>
    <drawable>
        <name>digital7.xml</name>
        <arraytype>11</arraytype>
        <centerX>-67</centerX>
        <centerY>118</centerY>
    </drawable>
    <drawable>
        <name>image2.png</name>
    </drawable>
    <drawable>
        <name>digital8.xml</name>
        <arraytype>14</arraytype>
        <centerX>89</centerX>
        <centerY>89</centerY>
    </drawable>
</clockskin>
