<?xml version="1.0" encoding="utf-8"?>
<clockskin>
	<drawable>
		<name>RP3055_DAY_Ws_Background_Layer.png</name>
		<rotate>5</rotate>
		<angle>-103</angle>
	</drawable>
	<drawable>
		<name>rolex1.png</name>
	</drawable>
	<drawable>
		<name>day_array.xml</name>
		<arraytype>4</arraytype>
		<centerX>128</centerX>
		<centerY>-1</centerY>
	</drawable>
	<drawable>
		<name>hours.png</name>
		<rotate>1</rotate>
	</drawable>
	<drawable>
		<name>minutes.png</name>
		<rotate>2</rotate>
	</drawable>
	<drawable>
		<name>seconds.png</name>
		<rotate>3</rotate>
	</drawable>
<!--COMMENTED BY ClockSkinMaker
<metadata gui='rra' version='1.1.0.0'/>
-->
</clockskin>