<?xml version="1.0" encoding="utf-8"?>
<clockskin>
	<drawable>
		<name>blinki.png</name>
		<rotate>3</rotate>
		<mulrotate>6</mulrotate>
	</drawable>
	<drawable>
		<name>grund.png</name>
	</drawable>
	<drawable>
		<name>tag_h.xml</name>
		<arraytype>4</arraytype>
		<centerX>-200</centerX>
	</drawable>
	<drawable>
		<name>Tag_v.xml</name>
		<arraytype>4</arraytype>
		<centerX>200</centerX>
	</drawable>
	<drawable>
		<name>punkt.png</name>
		<centerY>-2</centerY>
	</drawable>
	<drawable>
		<name>z_mon_s.png</name>
		<rotate>4</rotate>
		<centerX>2</centerX>
		<centerY>-79</centerY>
	</drawable>
	<drawable>
		<name>z_mon.png</name>
		<rotate>4</rotate>
		<centerY>-81</centerY>
	</drawable>
	<drawable>
		<name>punkt3.png</name>
		<centerX>1</centerX>
		<centerY>-80</centerY>
	</drawable>
	<drawable>
		<name>saturn.xml</name>
		<arraytype>16</arraytype>
		<centerX>-600</centerX>
		<centerY>107</centerY>
	</drawable>
	<drawable>
		<name>saturn_bl.xml</name>
		<arraytype>16</arraytype>
		<centerX>-200</centerX>
	</drawable>
	<drawable>
		<name>jupiter.xml</name>
		<arraytype>16</arraytype>
		<centerX>-600</centerX>
	</drawable>
	<drawable>
		<name>jupiter_bl.xml</name>
		<arraytype>3</arraytype>
	</drawable>
	<drawable>
		<name>mars.xml</name>
		<arraytype>3</arraytype>
	</drawable>
	<drawable>
		<name>mars_bl.xml</name>
		<arraytype>16</arraytype>
		<centerX>-600</centerX>
	</drawable>
	<drawable>
		<name>mon.xml</name>
		<arraytype>3</arraytype>
		<centerY>107</centerY>
	</drawable>
	<drawable>
		<name>mercur.xml</name>
		<arraytype>3</arraytype>
	</drawable>
	<drawable>
		<name>venus.xml</name>
		<arraytype>3</arraytype>
	</drawable>
	<drawable>
		<name>sonne.png</name>
	</drawable>
	<drawable>
		<name>z_std_neu_s.png</name>
		<rotate>1</rotate>
		<centerX>2</centerX>
		<centerY>3</centerY>
	</drawable>
	<drawable>
		<name>z_std_neu.png</name>
		<rotate>1</rotate>
	</drawable>
	<drawable>
		<name>z_min_s.png</name>
		<rotate>2</rotate>
		<centerX>2</centerX>
		<centerY>3</centerY>
	</drawable>
	<drawable>
		<name>z_min.png</name>
		<rotate>2</rotate>
	</drawable>
	<drawable>
		<name>auge.png</name>
	</drawable>
<!--COMMENTED BY ClockSkinMaker
<metadata gui='rra' version='1.4.0.0'/>
-->
</clockskin>