<?xml version="1.0" encoding="utf-8"?>
<drawables>
	<image>jupiter_bl_jan.png</image>
	<image>jupiter_bl_feb.png</image>
	<image>jupiter_bl_mar.png</image>
	<image>jupiter_bl_apr.png</image>
	<image>jupiter_bl_may.png</image>
	<image>jupiter_bl_jun.png</image>
	<image>jupiter_bl_jul.png</image>
	<image>jupiter_bl_aug.png</image>
	<image>jupiter_bl_sep.png</image>
	<image>jupiter_bl_oct.png</image>
	<image>jupiter_bl_nov.png</image>
	<image>jupiter_bl_dec.png</image>
<!--COMMENTED BY ClockSkinMaker
<metadata gui='rra' version='1.4.0.0' type='array_month' autoscale='1' font='Times New Roman' fontstyle='Regular' fontsize='14,9081'>
<content>Jan</content>
<content>Feb</content>
<content>Mrz</content>
<content>Apr</content>
<content>Mai</content>
<content>Jun</content>
<content>Jul</content>
<content>Aug</content>
<content>Sep</content>
<content>Okt</content>
<content>Nov</content>
<content>Dez</content>
</metadata>
-->
</drawables>