<?xml version="1.0" encoding="utf-8"?>
<drawables>
	<image>mars_jan.png</image>
	<image>mars_feb.png</image>
	<image>mars_mar.png</image>
	<image>mars_apr.png</image>
	<image>mars_may.png</image>
	<image>mars_jun.png</image>
	<image>mars_jul.png</image>
	<image>mars_aug.png</image>
	<image>mars_sep.png</image>
	<image>mars_oct.png</image>
	<image>mars_nov.png</image>
	<image>mars_dec.png</image>
<!--COMMENTED BY ClockSkinMaker
<metadata gui='rra' version='1.4.0.0' type='array_month' autoscale='1' font='Times New Roman' fontstyle='Regular' fontsize='14,9081'>
<content>Jan</content>
<content>Feb</content>
<content>Mrz</content>
<content>Apr</content>
<content>Mai</content>
<content>Jun</content>
<content>Jul</content>
<content>Aug</content>
<content>Sep</content>
<content>Okt</content>
<content>Nov</content>
<content>Dez</content>
</metadata>
-->
</drawables>