<?xml version="1.0" encoding="utf-8"?>
<drawables>
	<image>mercur_jan.png</image>
	<image>mercur_feb.png</image>
	<image>mercur_mar.png</image>
	<image>mercur_apr.png</image>
	<image>mercur_may.png</image>
	<image>mercur_jun.png</image>
	<image>mercur_jul.png</image>
	<image>mercur_aug.png</image>
	<image>mercur_sep.png</image>
	<image>mercur_oct.png</image>
	<image>mercur_nov.png</image>
	<image>mercur_dec.png</image>
<!--COMMENTED BY ClockSkinMaker
<metadata gui='rra' version='1.4.0.0' type='array_month' autoscale='1' font='Times New Roman' fontstyle='Regular' fontsize='14,9081'>
<content>Jan</content>
<content>Feb</content>
<content>Mrz</content>
<content>Apr</content>
<content>Mai</content>
<content>Jun</content>
<content>Jul</content>
<content>Aug</content>
<content>Sep</content>
<content>Okt</content>
<content>Nov</content>
<content>Dez</content>
</metadata>
-->
</drawables>