<?xml version="1.0" encoding="utf-8"?>
<drawables>
	<image>venus_jan.png</image>
	<image>venus_feb.png</image>
	<image>venus_mar.png</image>
	<image>venus_apr.png</image>
	<image>venus_may.png</image>
	<image>venus_jun.png</image>
	<image>venus_jul.png</image>
	<image>venus_aug.png</image>
	<image>venus_sep.png</image>
	<image>venus_oct.png</image>
	<image>venus_nov.png</image>
	<image>venus_dec.png</image>
<!--COMMENTED BY ClockSkinMaker
<metadata gui='rra' version='1.4.0.0' type='array_month' autoscale='1' font='Times New Roman' fontstyle='Regular' fontsize='14,9081'>
<content>Jan</content>
<content>Feb</content>
<content>Mrz</content>
<content>Apr</content>
<content>Mai</content>
<content>Jun</content>
<content>Jul</content>
<content>Aug</content>
<content>Sep</content>
<content>Okt</content>
<content>Nov</content>
<content>Dez</content>
</metadata>
-->
</drawables>