<?xml version="1.0" encoding="UTF-8" standalone="no"?>
<clockskin>
  <drawable>
    <name>clock_skin_panel.png</name>
  </drawable>
  
  <drawable>
    <name>hour.png</name>
    <rotate>1</rotate>
  </drawable>
  
  <drawable>
    <name>minute.png</name>
    <rotate>2</rotate>
  </drawable>
  
  <drawable>
    <name>second.png</name>
    <rotate>3</rotate>
  </drawable> 

  <drawable>
    <name>hour_small.png</name>
	<centerY>103</centerY>
    <rotate>1</rotate>
  </drawable> 

  <drawable>
    <name>second_small.png</name>
	<centerX>-115</centerX>
    <rotate>3</rotate>
  </drawable> 
  
  <drawable>
    <name>minute_small.png</name>
	<centerX>115</centerX>
    <rotate>2</rotate>
  </drawable> 
</clockskin>