<clockskin>
    <drawable>
        <name>image1.png</name>
    </drawable>
    <drawable>
        <name>digital1.xml</name>
        <arraytype>6</arraytype>
        <centerX>1</centerX>
        <centerY>128</centerY>
    </drawable>
    <drawable>
        <name>image2.png</name>
    </drawable>
    <drawable>
        <name>digital2.xml</name>
        <arraytype>14</arraytype>
        <centerX>120</centerX>
        <centerY>4</centerY>
    </drawable>
    <drawable>
        <name>image3.png</name>
    </drawable>
    <drawable>
        <name>digital3.xml</name>
        <arraytype>4</arraytype>
        <centerX>24</centerX>
        <centerY>60</centerY>
    </drawable>
    <drawable>
        <name>digital4.xml</name>
        <arraytype>5</arraytype>
        <centerX>-19</centerX>
        <centerY>59</centerY>
    </drawable>
    <drawable>
        <name>digital5.xml</name>
        <arraytype>14</arraytype>
        <centerX>-108</centerX>
        <centerY>0</centerY>
    </drawable>
    <drawable>
        <name>digital6.xml</name>
        <arraytype>14</arraytype>
        <centerX>342</centerX>
        <centerY>0</centerY>
    </drawable>
    <drawable>
        <name>digital7.xml</name>
        <arraytype>14</arraytype>
        <centerX>792</centerX>
        <centerY>0</centerY>
    </drawable>
    <drawable>
        <rotate>2</rotate>
        <direction>1</direction>
        <mulrotate>1</mulrotate>
        <name>image4.png</name>
    </drawable>
    <drawable>
        <rotate>3</rotate>
        <direction>1</direction>
        <mulrotate>1</mulrotate>
        <movement>4</movement>
        <centerX>-1</centerX>
        <centerY>1</centerY>
        <name>image5.png</name>
    </drawable>
    <drawable>
        <name>image6.png</name>
    </drawable>
    <drawable>
        <name>digital8.xml</name>
        <arraytype>13</arraytype>
        <centerX>-107</centerX>
        <centerY>2</centerY>
    </drawable>
    <drawable>
        <name>image7.png</name>
    </drawable>
    <drawable>
        <name>digital9.xml</name>
        <arraytype>12</arraytype>
        <centerX>-46</centerX>
        <centerY>-107</centerY>
    </drawable>
    <drawable>
        <rotate>1</rotate>
        <direction>1</direction>
        <mulrotate>1</mulrotate>
        <name>image8.png</name>
    </drawable>
    <drawable>
        <name>image9.png</name>
    </drawable>
    <drawable>
        <name>digital10.xml</name>
        <arraytype>11</arraytype>
        <centerX>37</centerX>
        <centerY>-107</centerY>
    </drawable>
    <drawable>
        <name>image10.png</name>
    </drawable>
</clockskin>
