<?xml version="1.0" encoding="utf-8"?>
<drawables>
	<image>array_weekdays_sun.png</image>
	<image>array_weekdays_mon.png</image>
	<image>array_weekdays_tue.png</image>
	<image>array_weekdays_wed.png</image>
	<image>array_weekdays_thu.png</image>
	<image>array_weekdays_fri.png</image>
	<image>array_weekdays_sat.png</image>
<!--COMMENTED BY ClockSkinMaker
<metadata gui='rra' version='1.4.8.0' type='array_weekday' forecolor='171717' autoscale='1' font='Building' fontstyle='Bold' fontsize='21.83804'>
<content>SUN</content>
<content>MON</content>
<content>TUE</content>
<content>WED</content>
<content>THU</content>
<content>FRI</content>
<content>SAT</content>
</metadata>
-->
</drawables>