<?xml version="1.0" encoding="utf-8"?>
<clockskin>
	<drawable>
		<name>back_panel.png</name>
	</drawable>
	<drawable>
		<name>minute_hand.png</name>
		<rotate>3</rotate>
	</drawable>
	<drawable>
		<name>clock_panel.png</name>
	</drawable>
	<drawable>
		<name>hour_hand.png</name>
		<rotate>1</rotate>
	</drawable>
	<drawable>
		<name>hour_hand_1.png</name>
		<rotate>2</rotate>
	</drawable>
	<drawable>
		<name>heart_rate.xml</name>
		<arraytype>13</arraytype>
		<centerX>20</centerX>
		<centerY>-24</centerY>
	</drawable>
	<drawable>
		<name>battery.xml</name>
		<arraytype>14</arraytype>
		<centerX>9</centerX>
		<centerY>-87</centerY>
	</drawable>
	<drawable>
		<name>array_steps.xml</name>
		<arraytype>12</arraytype>
		<centerX>23</centerX>
		<centerY>55</centerY>
	</drawable>
	<drawable>
		<arraytype>99</arraytype>
		<centerX>-26</centerX>
		<centerY>96</centerY>
	</drawable>
<!--COMMENTED BY ClockSkinMaker
<metadata gui='rra' version='1.4.8.0'/>
-->
</clockskin>