<?xml version="1.0" encoding="utf-8"?>
<clockskin>
	<drawable>
		<name>zeiger.png</name>
		<rotate>3</rotate>
	</drawable>
	<drawable>
		<name>grund.png</name>
	</drawable>
	<drawable>
		<name>r1.png</name>
		<rotate>3</rotate>
		<centerX>70</centerX>
		<centerY>-10</centerY>
		<direction>2</direction>
		<mulrotate>24</mulrotate>
	</drawable>
	<drawable>
		<name>r2.png</name>
		<rotate>3</rotate>
		<centerX>70</centerX>
		<centerY>-10</centerY>
		<direction>1</direction>
		<mulrotate>24</mulrotate>
	</drawable>
	<drawable>
		<name>l1.png</name>
		<rotate>3</rotate>
		<centerX>-70</centerX>
		<centerY>-10</centerY>
		<direction>1</direction>
		<mulrotate>24</mulrotate>
	</drawable>
	<drawable>
		<name>test.png</name>
		<rotate>3</rotate>
		<direction>2</direction>
		<mulrotate>24</mulrotate>
	</drawable>
	<drawable>
		<name>l2.png</name>
		<rotate>3</rotate>
		<centerX>-70</centerX>
		<centerY>-10</centerY>
		<direction>2</direction>
		<mulrotate>24</mulrotate>
	</drawable>
	<drawable>
		<name>sec.xml</name>
		<arraytype>9</arraytype>
		<centerX>-200</centerX>
	</drawable>
	<drawable>
		<name>min_v.xml</name>
		<arraytype>8</arraytype>
		<centerX>-200</centerX>
	</drawable>
	<drawable>
		<name>sec_v.xml</name>
		<arraytype>9</arraytype>
		<centerX>200</centerX>
	</drawable>
	<drawable>
		<name>bl_zeit_1.xml</name>
		<arraytype>8</arraytype>
		<centerX>-200</centerX>
	</drawable>
	<drawable>
		<name>bl_zeit.xml</name>
		<arraytype>9</arraytype>
		<centerX>200</centerX>
	</drawable>
	<drawable>
		<name>zeit_1.xml</name>
		<arraytype>7</arraytype>
		<centerY>-80</centerY>
	</drawable>
	<drawable>
		<name>zeit.xml</name>
		<arraytype>8</arraytype>
		<centerY>80</centerY>
	</drawable>
<!--COMMENTED BY ClockSkinMaker
<metadata gui='rra' version='1.4.0.0'/>
-->
</clockskin>