<?xml version="1.0" encoding="utf-8"?>
<clockskin>
	<drawable>
		<name>clock_background.png</name>
	</drawable>
	<drawable>
		<name>clock_second_shadow.png</name>
		<rotate>3</rotate>
		<centerX>2</centerX>
		<centerY>104</centerY>
	</drawable>
	<drawable>
		<name>clock_second.png</name>
		<rotate>3</rotate>
		<centerY>102</centerY>
	</drawable>
	<drawable>
		<name>clock_smallhand_shadow.png</name>
		<rotate>3</rotate>
		<centerX>-95</centerX>
		<centerY>-11</centerY>
		<mulrotate>5</mulrotate>
	</drawable>
	<drawable>
		<name>clock_smallhand.png</name>
		<rotate>3</rotate>
		<centerX>-97</centerX>
		<centerY>-13</centerY>
		<mulrotate>5</mulrotate>
	</drawable>
	<drawable>
		<name>clock_smallhand_shadow.png</name>
		<rotate>3</rotate>
		<centerX>96</centerX>
		<centerY>-11</centerY>
	</drawable>
	<drawable>
		<name>clock_smallhand.png</name>
		<rotate>3</rotate>
		<centerX>94</centerX>
		<centerY>-13</centerY>
		<direction>1</direction>
	</drawable>
	<drawable>
		<name>clock_hour_shadow.png</name>
		<rotate>1</rotate>
		<centerX>4</centerX>
		<centerY>4</centerY>
	</drawable>
	<drawable>
		<name>clock_minute_shadow.png</name>
		<rotate>2</rotate>
		<centerX>4</centerX>
		<centerY>4</centerY>
	</drawable>
	<drawable>
		<name>clock_center1.png</name>
	</drawable>
	<drawable>
		<name>clock_hour.png</name>
		<rotate>1</rotate>
	</drawable>
	<drawable>
		<name>clock_center2.png</name>
	</drawable>
	<drawable>
		<name>clock_minute.png</name>
		<rotate>2</rotate>
	</drawable>
<!--COMMENTED BY ClockSkinMaker
<metadata gui='rra' version='1.6.0.0'/>
-->
</clockskin>