<?xml version="1.0" encoding="utf-8"?>
<clockskin> 
        <drawable>
		<name>OUT.xml</name>
		<arraytype>80</arraytype>        
	</drawable>
        <drawable>
		<name>MIN_1.xml</name>
		<arraytype>8</arraytype>
		<centerX>200</centerX>
	</drawable>
	<drawable>
		<name>ora6.png</name>
	</drawable>
	<drawable>
		<name>digital15_2_1.xml</name>
		<arraytype>7</arraytype>
		<centerX>-200</centerX>
		<centerY>76</centerY>
	</drawable>
	<drawable>
		<name>digital15_3.xml</name>
		<arraytype>7</arraytype>
		<centerX>167</centerX>
		<centerY>76</centerY>
	</drawable>
	<drawable>
		<name>digital15.xml</name>
		<arraytype>7</arraytype>
		<centerX>-200</centerX>
		<centerY>151</centerY>
	</drawable>
	<drawable>
		<name>digital15_2.xml</name>
		<arraytype>7</arraytype>
		<centerX>167</centerX>
		<centerY>151</centerY>
	</drawable>
	<drawable>
		<name>digital16_1_1.xml</name>
		<arraytype>7</arraytype>
		<centerX>-200</centerX>
	</drawable>
	<drawable>
		<name>digital16_2.xml</name>
		<arraytype>7</arraytype>
		<centerX>167</centerX>
	</drawable>
	<drawable>
		<name>digital16_1.xml</name>
		<arraytype>7</arraytype>
		<centerX>-200</centerX>
	</drawable>
	<drawable>
		<name>digital16.xml</name>
		<arraytype>7</arraytype>
		<centerX>167</centerX>
		<centerY>-226</centerY>
	</drawable>
	<drawable>
		<name>min_2.xml</name>
		<arraytype>8</arraytype>
		<centerX>-200</centerX>
	</drawable>
	<drawable>
		<name>MIN.xml</name>
		<arraytype>8</arraytype>
		<centerX>188</centerX>
		<centerY>-15</centerY>
	</drawable>
	<drawable>
		<name>digital17_1.xml</name>
		<arraytype>8</arraytype>
		<centerX>225</centerX>
		<centerY>-45</centerY>
	</drawable>
	<drawable>
		<name>digital17.xml</name>
		<arraytype>8</arraytype>
		<centerX>-163</centerX>
		<centerY>-29</centerY>
	</drawable>
	<drawable>
		<name>digital18_1_1.xml</name>
		<arraytype>8</arraytype>
		<centerX>52</centerX>
		<centerY>91</centerY>
	</drawable>
	<drawable>
		<name>digital18_1.xml</name>
		<arraytype>8</arraytype>
		<centerX>-336</centerX>
		<centerY>106</centerY>
	</drawable>
	<drawable>
		<name>digital19_1.xml</name>
		<arraytype>8</arraytype>
		<centerX>-373</centerX>
		<centerY>136</centerY>
	</drawable>
	<drawable>
		<name>digital19.xml</name>
		<arraytype>8</arraytype>
		<centerX>15</centerX>
		<centerY>120</centerY>
	</drawable>
	<drawable>
		<name>sek_1.xml</name>
		<arraytype>9</arraytype>
		<centerX>-193</centerX>
		<centerY>-15</centerY>
	</drawable>
	<drawable>
		<name>sek.xml</name>
		<arraytype>9</arraytype>
		<centerX>200</centerX>
	</drawable>
	<drawable>
		<name>digital20_1.xml</name>
		<arraytype>9</arraytype>
		<centerX>-148</centerX>
		<centerY>4</centerY>
	</drawable>
	<drawable>
		<name>digital20.xml</name>
		<arraytype>9</arraytype>
		<centerX>245</centerX>
		<centerY>20</centerY>
	</drawable>
	<drawable>
		<name>digital21_1.xml</name>
		<arraytype>9</arraytype>
		<centerX>-322</centerX>
		<centerY>-70</centerY>
	</drawable>
	<drawable>
		<name>digital21_2.xml</name>
		<arraytype>9</arraytype>
		<centerX>70</centerX>
		<centerY>-54</centerY>
	</drawable>
	<drawable>
		<name>digital21_3.xml</name>
		<arraytype>9</arraytype>
		<centerX>-367</centerX>
		<centerY>-88</centerY>
	</drawable>
	<drawable>
		<name>digital21.xml</name>
		<arraytype>9</arraytype>
		<centerX>26</centerX>
		<centerY>-73</centerY>
	</drawable>
	<drawable>
		<name>day.xml</name>
		<arraytype>2</arraytype>
		<centerY>-183</centerY>
	</drawable>
	<drawable>
		<name>bat.xml</name>
		<arraytype>14</arraytype>
		<centerX>-2</centerX>
		<centerY>178</centerY>
	</drawable>
	<drawable>
		<name>track.xml</name>
		<arraytype>9</arraytype>
		<centerX>-200</centerX>
	</drawable>   
     <drawable>
        <arraytype>100</arraytype>
        <centerX>-161</centerX>
        <centerY>2</centerY>
        <range>90</range>
        <cls>com.android.watchweather.MainNewActivity</cls>
        <pkg>com.android.watchweather</pkg>
    </drawable> 
    <drawable>
        <arraytype>100</arraytype>
        <centerX>107</centerX>
        <centerY>110</centerY>
        <range>40</range>
        <cls>com.wiite.wiite_heartrate.MainActivity</cls>
        <pkg>com.wiite.wiite_heartrate</pkg>
    </drawable>
    <drawable>
        <arraytype>100</arraytype>
        <centerX>155</centerX>
        <centerY>-28</centerY>
        <range>90</range>
        <cls>com.sprots.wiiteer.fitness.module.main.ui.MainActivity</cls>
        <pkg>com.sprots.wiiteer.fitness</pkg>
    </drawable>    
<!--COMMENTED BY ClockSkinMaker
<metadata gui='rra' version='2.0.0.2'/>
-->
</clockskin>