<clockskin>
    <drawable>
        <name>digital1.xml</name>
        <arraytype>14</arraytype>
        <centerX>78</centerX>
        <centerY>84</centerY>
    </drawable>
    <drawable>
        <name>digital2.xml</name>
        <arraytype>14</arraytype>
        <centerX>478</centerX>
        <centerY>84</centerY>
    </drawable>
    <drawable>
        <name>digital3.xml</name>
        <arraytype>14</arraytype>
        <centerX>878</centerX>
        <centerY>84</centerY>
    </drawable>
    <drawable>
        <name>digital4.xml</name>
        <arraytype>14</arraytype>
        <centerX>78</centerX>
        <centerY>79</centerY>
    </drawable>
    <drawable>
        <name>digital5.xml</name>
        <arraytype>14</arraytype>
        <centerX>478</centerX>
        <centerY>79</centerY>
    </drawable>
    <drawable>
        <name>digital6.xml</name>
        <arraytype>14</arraytype>
        <centerX>878</centerX>
        <centerY>79</centerY>
    </drawable>
    <drawable>
        <name>image1.png</name>
    </drawable>
    <drawable>
        <rotate>3</rotate>
        <direction>1</direction>
        <mulrotate>1</mulrotate>
        <centerX>-100</centerX>
        <centerY>-58</centerY>
        <name>image2.png</name>
    </drawable>
    <drawable>
        <rotate>3</rotate>
        <direction>1</direction>
        <mulrotate>2</mulrotate>
        <centerX>15</centerX>
        <centerY>159</centerY>
        <name>image3.png</name>
    </drawable>
    <drawable>
        <name>digital7.xml</name>
        <arraytype>7</arraytype>
        <centerX>-89</centerX>
        <centerY>59</centerY>
    </drawable>
    <drawable>
        <name>digital8.xml</name>
        <arraytype>8</arraytype>
        <centerX>111</centerX>
        <centerY>-61</centerY>
    </drawable>
    <drawable>
        <name>digital9.xml</name>
        <arraytype>3</arraytype>
        <centerX>-5</centerX>
        <centerY>-74</centerY>
    </drawable>
    <drawable>
        <name>digital10.xml</name>
        <arraytype>4</arraytype>
        <centerX>-3</centerX>
        <centerY>-34</centerY>
    </drawable>
    <drawable>
        <name>digital11.xml</name>
        <arraytype>12</arraytype>
        <centerX>102</centerX>
        <centerY>38</centerY>
    </drawable>
    <drawable>
        <name>image4.png</name>
    </drawable>
    <drawable>
        <arraytype>100</arraytype>
        <centerX>15</centerX>
        <centerY>155</centerY>
        <range>40</range>
        <cls>com.cenon.heartrate.HeartRateMonitorActivity</cls>
        <pkg>com.cenon.heartrate</pkg>
    </drawable>
</clockskin>
<!-- Created on WatchFace Designer 0.14.2 beta -->
<!-- Exported for Android 7.1+ Stock ClockSkin Engine -->
