<?xml version="1.0" encoding="utf-8"?>
<clockskin>
	<drawable>
		<name>day_dial.png</name>
	</drawable>
	<drawable>
		<name>day.xml</name>
		<arraytype>4</arraytype>
		<centerX>-101</centerX>
	</drawable>
	<drawable>
		<name>day_mask.xml</name>
		<arraytype>4</arraytype>
		<centerX>101</centerX>
	</drawable>
	<drawable>
		<name>background.png</name>
	</drawable>
	<drawable>
		<name>24h_ring.png</name>
		<rotate>7</rotate>
		<centerX>-1</centerX>
		<centerY>3</centerY>
		<direction>2</direction>
	</drawable>
	<drawable>
		<name>hour_hand_shadow.png</name>
		<rotate>1</rotate>
		<centerY>8</centerY>
	</drawable>
	<drawable>
		<name>hour_hand.png</name>
		<rotate>1</rotate>
	</drawable>
	<drawable>
		<name>minute_hand_shadow.png</name>
		<rotate>2</rotate>
		<centerY>10</centerY>
	</drawable>
	<drawable>
		<name>minute_hand.png</name>
		<rotate>2</rotate>
	</drawable>
	<drawable>
		<name>second_hand_shadow.png</name>
		<rotate>3</rotate>
		<centerY>14</centerY>
	</drawable>
	<drawable>
		<name>second_hand.png</name>
		<rotate>3</rotate>
	</drawable>
<!--COMMENTED BY ClockSkinMaker
<metadata gui='rra' version='2.0.0.2'/>
-->
</clockskin>