<?xml version="1.0" encoding="UTF-8"?>
<DATA>
  <GENERAL>
    <CREATOR>Jacek Klodzinski</CREATOR>
    <FACENAME>ChopardBlack</FACENAME>
    <COMPANY>L.U. Chopard</COMPANY>
    <WATCHMODEL>L.U.C TIME TRAVELER ONE</WATCHMODEL>
    <REFERENCE></REFERENCE>
    <MOVEMENT></MOVEMENT>
    <SERIAL></SERIAL>
    <YEAR></YEAR>
    <CREDIT>https://www.chopard.com/intl/l-u-c-time-traveler-one-168574-3001</CREDIT>
    <DOWNLOAD></DOWNLOAD>
    <CREATED>2017-08-12</CREATED>
    <DOWNLOADED>2017-01-01</DOWNLOADED>
  </GENERAL>
  <MYDATA>
    <INSTALLED>FALSE</INSTALLED>
    <RANK>0</RANK>
  </MYDATA>
  <DESCRIPTION>
    <TEXT></TEXT>
  </DESCRIPTION>
</DATA>
