<clockskin>
    <drawable>
        <name>image1.png</name>
    </drawable>
    <drawable>
        <name>digital1.xml</name>
        <arraytype>4</arraytype>
        <centerX>0</centerX>
        <centerY>-160</centerY>
    </drawable>
    <drawable>
        <rotate>7</rotate>
        <direction>1</direction>
        <mulrotate>1</mulrotate>
        <centerX>59</centerX>
        <centerY>0</centerY>
        <name>image2.png</name>
    </drawable>
    <drawable>
        <name>image3.png</name>
    </drawable>
    <drawable>
        <name>digital2.xml</name>
        <arraytype>14</arraytype>
        <centerX>399</centerX>
        <centerY>176</centerY>
    </drawable>
    <drawable>
        <name>digital3.xml</name>
        <arraytype>14</arraytype>
        <centerX>799</centerX>
        <centerY>176</centerY>
    </drawable>
    <drawable>
        <rotate>1</rotate>
        <direction>1</direction>
        <mulrotate>1</mulrotate>
        <centerX>59</centerX>
        <centerY>0</centerY>
        <name>image4.png</name>
    </drawable>
    <drawable>
        <rotate>2</rotate>
        <direction>1</direction>
        <mulrotate>1</mulrotate>
        <centerX>59</centerX>
        <centerY>0</centerY>
        <name>image5.png</name>
    </drawable>
    <drawable>
        <rotate>4</rotate>
        <direction>1</direction>
        <mulrotate>1</mulrotate>
        <centerX>-119</centerX>
        <centerY>-63</centerY>
        <name>image6.png</name>
    </drawable>
    <drawable>
        <rotate>3</rotate>
        <direction>1</direction>
        <mulrotate>1</mulrotate>
        <centerX>59</centerX>
        <centerY>0</centerY>
        <name>image7.png</name>
    </drawable>
    <drawable>
        <name>image8.png</name>
    </drawable>
    <drawable>
        <name>digital4.xml</name>
        <arraytype>5</arraytype>
        <centerX>4</centerX>
        <centerY>144</centerY>
    </drawable>
    <drawable>
        <name>digital5.xml</name>
        <arraytype>12</arraytype>
        <centerX>-519</centerX>
        <centerY>55</centerY>
    </drawable>
    <drawable>
        <name>digital6.xml</name>
        <arraytype>12</arraytype>
        <centerX>-119</centerX>
        <centerY>55</centerY>
    </drawable>
    <drawable>
        <name>digital7.xml</name>
        <arraytype>13</arraytype>
        <centerX>-119</centerX>
        <centerY>54</centerY>
    </drawable>
    <drawable>
        <name>image9.png</name>
    </drawable>
    <drawable>
        <name>digital8.xml</name>
        <arraytype>11</arraytype>
        <centerX>62</centerX>
        <centerY>-148</centerY>
    </drawable>
    <drawable>
        <name>image10.png</name>
    </drawable>
</clockskin>
<!-- Created on WatchFace Designer 0.14.2 beta -->
<!-- Exported for Android 7.1+ Stock ClockSkin Engine -->
