<clockskin>
    <drawable>
        <name>image1.png</name>
    </drawable>
    <drawable>
        <name>digital1.xml</name>
        <arraytype>7</arraytype>
        <centerX>1</centerX>
        <centerY>5</centerY>
    </drawable>
    <drawable>
        <rotate>2</rotate>
        <mulrotate>-2</mulrotate>
        <centerX>0</centerX>
        <centerY>-91</centerY>
        <name>image2.png</name>
    </drawable>
    <drawable>
        <rotate>3</rotate>
        <mulrotate>-1</mulrotate>
        <centerX>0</centerX>
        <centerY>110</centerY>
        <name>image3.png</name>
    </drawable>
    <drawable>
        <rotate>3</rotate>
        <direction>2</direction>
        <mulrotate>-1</mulrotate>
        <centerX>0</centerX>
        <centerY>147</centerY>
        <name>image4.png</name>
    </drawable>
    <drawable>
        <rotate>3</rotate>
        <mulrotate>-2</mulrotate>
        <centerX>0</centerX>
        <centerY>120</centerY>
        <name>image5.png</name>
    </drawable>
    <drawable>
        <rotate>3</rotate>
        <direction>2</direction>
        <mulrotate>1</mulrotate>
        <centerX>0</centerX>
        <centerY>121</centerY>
        <name>image6.png</name>
    </drawable>
</clockskin>
