<?xml version="1.0" encoding="utf-8"?>
<drawables>
     <image>animation_3_0.png</image>
     <image>animation_3_0.png</image>
     <image>animation_3_0.png</image>
     <image>animation_3_0.png</image>
     <image>animation_3_0.png</image>
     <image>animation_3_0.png</image>
     <image>animation_3_0.png</image>
     <image>animation_3_0.png</image>
     <image>animation_3_0.png</image>
     <image>animation_3_0.png</image>
     <image>animation_3_0.png</image>
     <image>animation_3_0.png</image>
     <image>animation_3_12.png</image>
     <image>animation_3_12.png</image>
     <image>animation_3_12.png</image>
     <image>animation_3_12.png</image>
     <image>animation_3_12.png</image>
     <image>animation_3_12.png</image>
     <image>animation_3_12.png</image>
     <image>animation_3_12.png</image>
     <image>animation_3_12.png</image>
     <image>animation_3_12.png</image>
     <image>animation_3_22.png</image>
     <image>animation_3_22.png</image>
     <image>animation_3_22.png</image>
     <image>animation_3_22.png</image>
     <image>animation_3_22.png</image>
</drawables>
