<?xml version="1.0" encoding="utf-8"?>
<drawables>
     <image>animation_1_0.png</image>
     <image>animation_1_0.png</image>
     <image>animation_1_2.png</image>
     <image>animation_1_2.png</image>
     <image>animation_1_4.png</image>
     <image>animation_1_4.png</image>
     <image>animation_1_6.png</image>
     <image>animation_1_6.png</image>
     <image>animation_1_8.png</image>
     <image>animation_1_8.png</image>
     <image>animation_1_10.png</image>
     <image>animation_1_10.png</image>
     <image>animation_1_12.png</image>
     <image>animation_1_12.png</image>
     <image>animation_1_14.png</image>
     <image>animation_1_14.png</image>
     <image>animation_1_16.png</image>
     <image>animation_1_16.png</image>
     <image>animation_1_18.png</image>
     <image>animation_1_18.png</image>
     <image>animation_1_20.png</image>
     <image>animation_1_20.png</image>
     <image>animation_1_22.png</image>
     <image>animation_1_22.png</image>
     <image>animation_1_24.png</image>
     <image>animation_1_24.png</image>
     <image>animation_1_26.png</image>
     <image>animation_1_26.png</image>
     <image>animation_1_28.png</image>
     <image>animation_1_28.png</image>
     <image>animation_1_30.png</image>
     <image>animation_1_30.png</image>
     <image>animation_1_32.png</image>
     <image>animation_1_32.png</image>
     <image>animation_1_34.png</image>
     <image>animation_1_35.png</image>
     <image>animation_1_35.png</image>
     <image>animation_1_37.png</image>
     <image>animation_1_38.png</image>
     <image>animation_1_38.png</image>
     <image>animation_1_40.png</image>
     <image>animation_1_40.png</image>
     <image>animation_1_42.png</image>
     <image>animation_1_42.png</image>
     <image>animation_1_44.png</image>
     <image>animation_1_44.png</image>
     <image>animation_1_46.png</image>
     <image>animation_1_46.png</image>
     <image>animation_1_48.png</image>
     <image>animation_1_49.png</image>
     <image>animation_1_49.png</image>
     <image>animation_1_51.png</image>
     <image>animation_1_52.png</image>
     <image>animation_1_52.png</image>
     <image>animation_1_54.png</image>
     <image>animation_1_55.png</image>
     <image>animation_1_55.png</image>
     <image>animation_1_57.png</image>
</drawables>
