<?xml version="1.0" encoding="utf-8"?>
<drawables>
     <image>animation_2_0.png</image>
     <image>animation_2_0.png</image>
     <image>animation_2_0.png</image>
     <image>animation_2_3.png</image>
     <image>animation_2_3.png</image>
     <image>animation_2_3.png</image>
     <image>animation_2_6.png</image>
     <image>animation_2_6.png</image>
     <image>animation_2_6.png</image>
     <image>animation_2_9.png</image>
     <image>animation_2_9.png</image>
     <image>animation_2_9.png</image>
     <image>animation_2_12.png</image>
     <image>animation_2_12.png</image>
     <image>animation_2_12.png</image>
     <image>animation_2_15.png</image>
     <image>animation_2_15.png</image>
     <image>animation_2_15.png</image>
     <image>animation_2_18.png</image>
     <image>animation_2_18.png</image>
     <image>animation_2_18.png</image>
     <image>animation_2_21.png</image>
     <image>animation_2_21.png</image>
     <image>animation_2_21.png</image>
     <image>animation_2_21.png</image>
     <image>animation_2_25.png</image>
     <image>animation_2_26.png</image>
     <image>animation_2_27.png</image>
     <image>animation_2_27.png</image>
     <image>animation_2_29.png</image>
     <image>animation_2_29.png</image>
     <image>animation_2_29.png</image>
     <image>animation_2_29.png</image>
     <image>animation_2_29.png</image>
     <image>animation_2_29.png</image>
     <image>animation_2_29.png</image>
     <image>animation_2_29.png</image>
     <image>animation_2_29.png</image>
     <image>animation_2_29.png</image>
     <image>animation_2_29.png</image>
     <image>animation_2_29.png</image>
     <image>animation_2_29.png</image>
     <image>animation_2_29.png</image>
     <image>animation_2_43.png</image>
     <image>animation_2_43.png</image>
     <image>animation_2_43.png</image>
     <image>animation_2_46.png</image>
     <image>animation_2_46.png</image>
     <image>animation_2_46.png</image>
     <image>animation_2_49.png</image>
     <image>animation_2_49.png</image>
     <image>animation_2_49.png</image>
</drawables>
