<?xml version="1.0" encoding="utf-8"?>
<clockskin>
	<drawable>
		<name>clock_skin_panel.png</name>
	</drawable>
	<drawable>
		<name>Tiger-Skin.png</name>
	</drawable>
	<drawable>
		<name>monthday_array.xml</name>
		<arraytype>2</arraytype>
		<centerX>-89</centerX>
	</drawable>
	<drawable>
		<name>temp_array.xml</name>
		<arraytype>11</arraytype>
		<centerX>115</centerX>
	</drawable>
	<drawable>
		<name>weather_array.xml</name>
		<arraytype>10</arraytype>
		<centerY>-106</centerY>
	</drawable>
	<drawable>
		<arraytype>99</arraytype>
		<centerX>-23</centerX>
		<centerY>64</centerY>
	</drawable>
	<drawable>
		<name>heartrate_array.xml</name>
		<arraytype>13</arraytype>
		<centerX>-64</centerX>
		<centerY>36</centerY>
	</drawable>
	<drawable>
		<name>step_array.xml</name>
		<arraytype>18</arraytype>
		<centerX>68</centerX>
		<centerY>33</centerY>
	</drawable>
	<drawable>
		<name>battery_array.xml</name>
		<arraytype>14</arraytype>
		<centerY>112</centerY>
	</drawable>
	<drawable>
		<name>clock_skin_hour.png</name>
		<rotate>1</rotate>
	</drawable>
	<drawable>
		<name>clock_skin_minute.png</name>
		<rotate>2</rotate>
	</drawable>
	<drawable>
		<name>clock_skin_second.png</name>
		<rotate>3</rotate>
	</drawable>
<!--COMMENTED BY ClockSkinMaker
<metadata gui='rra' version='1.4.8.0'/>
-->
</clockskin>