<clockskin>
    <drawable>
        <name>image1.png</name>
    </drawable>
  
    <drawable>
        <name>digital11.xml</name>
        <arraytype>1</arraytype>
        <centerX>-5</centerX>
        <centerY>54</centerY>
    </drawable>

    <drawable>
        <name>digital1.xml</name>
        <arraytype>14</arraytype>
        <centerX>14</centerX>
        <centerY>-110</centerY>
    </drawable>
    <drawable>
        <name>image2.png</name>
    </drawable>
    <drawable>
        <name>digital2.xml</name>
        <arraytype>12</arraytype>
        <centerX>44</centerX>
        <centerY>110</centerY>
    </drawable>
    <drawable>
        <name>image3.png</name>
    </drawable>
    <drawable>
        <name>image4.png</name>
    </drawable>
    <drawable>
        <name>digital5.xml</name>
        <arraytype>7</arraytype>
        <centerX>-61</centerX>
        <centerY>3</centerY>
    </drawable>
    <drawable>
        <name>digital6.xml</name>
        <arraytype>8</arraytype>
        <centerX>46</centerX>
        <centerY>3</centerY>
    </drawable>
    <drawable>
        <name>digital7.xml</name>
        <arraytype>9</arraytype>
        <centerX>130</centerX>
        <centerY>20</centerY>
    </drawable>
    <drawable>
        <name>digital8.xml</name>
        <arraytype>6</arraytype>
        <centerX>-7</centerX>
        <centerY>3</centerY>
    </drawable>
    <drawable>
        <name>image5.png</name>
    </drawable>
    <drawable>
        <name>digital9.xml</name>
        <arraytype>5</arraytype>
        <centerX>0</centerX>
        <centerY>-39</centerY>
    </drawable>
     <drawable>
        <name>image6.png</name>
    </drawable>
    <drawable>
        <name>image7.png</name>
    </drawable>
    </clockskin>
