<?xml version="1.0" encoding="utf-8"?>
<clockskin>
	<!--<drawable>
		<name>clock_skin_panel.png</name>
	</drawable>-->
	
		<drawable>
		<name>scudone.png</name>
		<centerX>0</centerX>
		<centerY>0</centerY>
		<rotate>3</rotate>
	  </drawable>
	
		<drawable>
		<name>cap.png</name>
		<centerX>0</centerX>
		<centerY>0</centerY>
		</drawable>
	
		
	<drawable>
		<name>digitalbig.xml</name>
		<arraytype>7</arraytype>
		<centerX>80</centerX>
		<centerY>-45</centerY>
	</drawable>	
	
	<drawable>
		<name>digitalmid.xml</name>
		<arraytype>8</arraytype>
		<centerX>90</centerX>
		<centerY>70</centerY>
	</drawable>
	
	<drawable>
		<name>scudino.png</name>
		<centerX>-130</centerX>
		<centerY>12</centerY>
		<rotate>3</rotate>
	</drawable>

<!--Created by Marco-->
</clockskin>
