<?xml version="1.0" encoding="utf-8"?>
<clockskin>
	<drawable>
		<name>face11.png</name>
	</drawable>
	<drawable>
		<name>date_1.xml</name>
		<arraytype>4</arraytype>
		<centerX>-43</centerX>
		<centerY>-53</centerY>
	</drawable>
	<drawable>
		<name>weekday_array.xml</name>
		<arraytype>5</arraytype>
		<centerX>1</centerX>
		<centerY>-53</centerY>
	</drawable>
	<drawable>
		<name>MONTH.xml</name>
		<arraytype>3</arraytype>
		<centerX>-83</centerX>
		<centerY>-53</centerY>
	</drawable>
	<drawable>
		<name>date_2_1.xml</name>
		<arraytype>9</arraytype>
		<centerX>67</centerX>
		<centerY>86</centerY>
	</drawable>
	<drawable>
		<name>col_2.png</name>
		<centerX>32</centerX>
		<centerY>86</centerY>
	</drawable>
	<drawable>
		<name>dat.png</name>
		<centerX>39</centerX>
		<centerY>-116</centerY>
	</drawable>
	<drawable>
		<name>bat.png</name>
		<centerX>-37</centerX>
		<centerY>-118</centerY>
	</drawable>
	<drawable>
		<name>date_2.xml</name>
		<arraytype>6</arraytype>
		<centerX>-32</centerX>
		<centerY>86</centerY>
	</drawable>
	<drawable>
		<name>pr.png</name>
		<centerX>94</centerX>
		<centerY>-55</centerY>
	</drawable>
	<drawable>
		<name>date.xml</name>
		<arraytype>14</arraytype>
		<centerX>51</centerX>
		<centerY>-55</centerY>
	</drawable>
	<drawable>
		<name>h1S.png</name>
		<rotate>1</rotate>
		<centerX>-3</centerX>
		<centerY>6</centerY>
	</drawable>
	<drawable>
		<name>h1.png</name>
		<rotate>1</rotate>
	</drawable>
	<drawable>
		<name>m1S.png</name>
		<rotate>2</rotate>
		<centerX>-4</centerX>
		<centerY>8</centerY>
	</drawable>
	<drawable>
		<name>m1.png</name>
		<rotate>2</rotate>
	</drawable>
	<drawable>
		<name>s02s.png</name>
		<rotate>3</rotate>
		<centerX>-5</centerX>
		<centerY>11</centerY>
	</drawable>
	<drawable>
		<name>s02.png</name>
		<rotate>3</rotate>
	</drawable>
<!--COMMENTED BY ClockSkinMaker
<metadata gui='rra' version='1.6.0.0'/>
-->
</clockskin>