<?xml version="1.0" encoding="utf-8"?>
<drawables> 
	<image>clock_skin_2_num_0.png</image>
	<image>clock_skin_2_num_1.png</image>
	<image>clock_skin_2_num_2.png</image>
	<image>clock_skin_2_num_3.png</image>
	<image>clock_skin_2_num_4.png</image>
	<image>clock_skin_2_num_5.png</image>
	<image>clock_skin_2_num_6.png</image>
	<image>clock_skin_2_num_7.png</image>
	<image>clock_skin_2_num_8.png</image>
	<image>clock_skin_2_num_9.png</image>
	<image>clock_skin_none.png</image>
	<image>clock_skin_percent.png</image>
</drawables>